ID	ENG (Original)	RUS (Dontaz v2.9)	note
6758A9AB4F12EB10423C2FAF8244B55A	"Ella ""Butcher's Tail"" Bergström - Vocals"	"Ella ""Butcher's Tail"" Bergström - Вокал"	
1F83B36E40536330B1EF4F84DA986D6C	Even the sun seemed tired, and she had all the rocks she needed, so she decided to treat herself to a long nap.	Даже солнце казалось измождённым, она уже собрала все нужные камни, потому решила позволить себе роскошь долгого сна.	
72DD9365418460D7B21B16B0267F2C15	Is it coming from the cave? Oh how should I know?	Она доносится из пещеры? Ах, откуда мне знать?	
6B958D9244D106C996CB50978476D619	It picks up the phone on the other side, but it doesn’t speak back,	Она поднимает трубку на другом конце, но молчит в ответ,	
8CB9C63C45CAC976373F219056D79D17	It picks up the phone on the other side, but it doesn’t speak back,	Она поднимает трубку на другом конце, но молчит в ответ,	
D89B567C4E357D1E7022CBB399AA94A9	Like taking off a tight shoe, laying bare one’s feet	Словно сбросить тесный башмак, обнажив босые ступни	
1200ACAD4092DD7443AAABA7B93E3514	She had awoken anxiously this time, feeling misplaced and confused.	В этот раз она пробудилась в тревоге, чувствуя себя потерянной и растерянной.	
39B82E6D46FF78560BFD64B9E1338500	The anger kept us warm, but only for a spell…	Гнев согревал нас, но лишь на краткий миг…	
00CAA2824A55B30BCAAD5FA4580E4035	Then, out of nowhere came another boat that bumped into his.	Затем, словно из ниоткуда, появилась другая лодка, что стукнулась о его.	
8A8CEE87486242EF7DF75D986FA2DA12	it’s cold now... But it doesn’t matter.	сейчас холодно... Но это уже не имеет значения.	
EF6322FF4BA9CCCC9A1BBFAAA6D241F5	to simply put one foot in front of the other.	просто ставить одну ногу перед другой.	
BBF86EAA467D6470BDD9EEA6D1624365	turnin’ the thief’s sky as black as a cuppa joe...	окрашивая небо воровки в черноту, как чашка кофе...	
BE9434954718D53F1CF580B99EBA0845	who were now left defenseless without their bodies.	которые стали беззащитными без своих тел.	
FF7D6CC94CE06D3D6A4966ACD926DD8D	‘Oh there’s nothing to it really. I go into the dark woods,'	"""О, в этом нет ничего особенного. Я просто ухожу в тёмные леса,"""	
126AA208435EC61E40E6EDBBCE6D01A9	‘When dealing with a troubled and troublesome Molgrim'	"""Когда имеешь дело с Молгримом — беде подвластным и для всех опасным"""	
4DEC60334AC563B952A488A9D4CD5695	‘how do you make such perfect sculptures?’ To which he replied:	"""как тебе удаётся создавать такие совершенные скульптуры?"" На что он ответил:"	
11C1AA414125BF1173CCB7A8242444CB	Gräns	Gräns (Граница)	
C042D4444E9D9D6218E03C98EF669060	'...it is hollow.'	"""...он пуст."""	
E5A4A3124EDEDFAB57E983BC25F2F398	'...live!'	"""…оживи!"""	
D89719A348778C734D8A71B5F3B966BC	'...my heart still has fire.'	"""...в моём сердце ещё горит огонь."""	
9A4C8F1B4B38BC55BB2CE9912A87C648	'...my sun.'	"""...моё солнце."""	
1E53AF8D40D5A7183C98A49DD0585035	'But the day of the dark shall come in the guise of a thief...'	"""Но день тьмы придёт в облике воровки..."""	
D37AAC54433E47B54B59359EE7EB4E9C	'By the fire of my heart...'	"""Пламенем моего сердца..."""	
75B58B124F7CBE2228AE58A9F3BA8716	'Cause it's the best stick in the whole world!	"""Потому что это лучшая палка во всём мире!"""	
F40A85E14EDA4B5D2D930EA99ECC244F	'Come, kitty kitty, you must be tired.'	"""Иди сюда, киса-киса, ты, должно быть, устала."""	
7B63E8184E13ABCD51E8A0A2945B4E12	'Daughter. Why?'	"""Дочь. Почему?"""	
6904925840EEA96778DB0FB273418091	'Don't leave me in the dark!'	"""Не оставляй меня во тьме!"""	
8703F09D4D05F636A9A8F6B50C403D9C	'Gone are the bodies of old, and they can no longer shield us from the terrors…’	"""Исчезли прежние тела, и они больше не могут защитить нас от ужасов..."""	
CE9C5BF94361D15875C03BA164419CE2	'Here I shall create my masterpiece.'	"""Здесь я создам свой шедевр."""	
631690F94A0F3D8F88D2CC85F9739A50	'I find the sculpture already waiting inside a tree...'	"""Я нахожу скульптуру, которая уже таится внутри дерева..."""	
A64E51314B75E4BBA7F39B8F83206F09	'I know you Crawlers eat fire for dinner. Did you eat it?'	"""Я знаю, вы — Ползуны — едите огонь на ужин. Это вы его съели?"""	
232E89F3447DD900AA0303B509EEB160	'Is that the Murkle I see? Another decade, another teacup, eh?' he chuckled,	"""Неужели я вижу Мёркл? Ещё одно десятилетие, ещё одна чашка чая, а?"" усмехнулся он,"	
AA2E26C24E7FE767E335B39A9E36B078	'It wasn’t you?' the Murkle retorted. 'You’re its complete opposite - surely you must be the reason it’s gone!'	"""Это была не ты?"" парировала Мёркл. ""Ты — его полная противоположность, наверняка ты и есть причина его исчезновения!"""	
0469D4D9407F5BE54F2ABB98C4CB4A91	'It's easy to lose one’s head… when everything you love'	"""Легко потерять голову... когда всё, что ты любишь"""	
FA81533E47FC603BFDC46E99B60E02FB	'Its skin is coarse,' said one. 'No, its ears are big.' exclaimed another.	"""Его кожа шершава,"" сказал один. ""Нет, у него большие уши,"" воскликнул другой."	
C36BEAB141ABA8905269B1946190672D	'Light is because I am. How could I possibly hold it in my possession?'	"""Свет есть потому, что есмь я. Как я могу владеть им?"""	
995AAB6B4415CDD832A439965E58FE77	'Lo and behold, the Molgrim!' she thought to herself in slack-jawed awe.	"""Ого, Молгрим!"" — подумала она, застыв с отвисшей от изумления челюстью."	
763BF40B43BF54AE47E1C6A7D4646E4F	'Mayhaps there you shall find answers.' And before the poor little Murkle could shriek,	"""Возможно, там ты найдёшь ответы."" И прежде, чем бедная маленькая Мёркл успела пискнуть,"	
40D94284496C30EC464CE5B7AB5EB8A1	'Mister Mayor' gets this grand idea that we should	"""Господин Мэр"" приходит к этой грандиозной идее, что мы должны"	
9CFDE12742DC7E11614234B973CCD651	'My city is grand and yet...'	"""Мой город величествен и всё же..."""	
20D4BD0544414E39D78648B636FECF6E	'My daughter...'	"""Моя дочь..."""	
5B5F14F74FB402B7CCCBF7AD492CC353	'Now, rest still...' the crone said	"""А теперь, лежи смирно..."" промолвила старуха"	
30615AE247CC50101C59EEB4B73EB068	'On the wicked the flame shall rain fiery coals'	"""На нечестивых пламя прольёт огненные угли"""	
A93F1B44490D594E6EAFF594F9C753C4	'Rule my city.'	"""Правь моим городом."""	
27774EB744FAF2E8B2106586D596C2EC	'Sit in my lap, share your soft fur, and I shall warm you for a spell...'	"""Садись ко мне на колени, поделись своим мягким мехом, и я согрею тебя ненадолго..."""	
A87F9D6845A1781328ED6C8977CA76A4	'So…' she sniffed. '...what do I do now?'	"""Итак..."" шмыгнула она носом. ""...что мне теперь делать?"""	
68C3BC014E7C953B36E702AFA2D2F085	'Step into my abode', offered the dark, 'it will warm you'	"""Шагни в моё жилище"", предложила тьма, ""оно тебя согреет"""	
28754A844042DDD66DAD57A52D5D5CDD	'The teeth are its most prominent feature.' declared the third.	"""Зубы — его самая выдающаяся черта."" заявил третий."	
92BB996746D4E0D07DE074B67C348096	'These are dark days, and your kind does not belong anymore.'	"""Настали тёмные времена, и твоему роду здесь больше не место."""	
D21744CE43E91BBA54D342ABD10B3DE0	'Though the sun has gone...'	"""Хоть солнце и исчезло..."""	
58CF78F9444CAE318F982E90272C3DDE	'What are you searching for, little limb tree?' they sounded in guttural unison.	"""Что ты ищешь, маленькое сучковатое дерево?"" прогудели они в хриплом унисоне."	
7D6A676D4BA7283CCD4A2C8E7CE05F81	'What’s that, little Headlings? Are you saying YOU know who took the sun away?'	"""Что такое, маленькие Головлинги? ВЫ утверждаете, что знаете, кто забрал солнце?"""	
0DDD1AB84D264A367B285386E00E5896	'When a sinkhole devours your fire…'	"""Когда воронка поглощает твой огонь..."""	
6CAB468541800A5309EA5B84B1E9D2BA	'Where is your crown?!'	"""Где твоя корона?!"""	
B98CEF6D407D5655A60072AB5AAF8D25	'Where is your crown?!'	"""Где твоя корона?!"""	
9FDA2E7F4B802268920702BD1C220832	'Who took the sun away, Soulfisher? Surely it wasn’t caught by your hook?' After pondering for a good minute,	"""Кто забрал солнце, Ловец душ? Неужели оно не попалось на твой крючок?"" После минутного размышления,"	
7B96A5FE4479043700E74DB3122D21C6	'Who took the sun away?' it then asked the Murkle. Its voice sounded like a dark forest, deep and ancient.	"""Кто забрал солнце?"" спросила она у Мёркл. Её голос звучал как тёмный лес, глубокий и древний."	
6FE41E3F46025A06959FFDAD3FDEA6FD	'Winter was late…so now the sun must be late, too!'	"""Зима опоздала... так что теперь и солнце должно опоздать!"""	
1B91C3F84EBBEC4E702C70BDB77B81FC	'You were meant to rule!'	"""Ты была рождена править!"""	
6ABEF4214BA7E7D4C769C4A35C585D95	'You were meant to rule!'	"""Ты была рождена править!"""	
CF96B73F47EDBBB2119F1D8374BE38D1	'and burning sulfur; a scorching wind shall be their lot...'	"""и горящую серу; обжигающий ветер будет их уделом..."""	
62442990471C7693F9463191C3EB73E8	'and the earth and its works burned up.'	"""и земля и все дела её сгорят."""	
717A089440625B3DC1C49FAF525B2B60	'and then it’s just a matter of carving it out.'	"""и затем остаётся лишь освободить её."""	
C73873ED491B72D3A4C07890B63479BD	'do not light a fire beneath her, but help her build one from within.’	"""не разжигай огонь под ней, но помоги ей разжечь его изнутри."""	
2DC06842480FDD6C2C57B6A5299BDBB1	'give it up'	"""сдайся"""	
FE16F0424A91606C69D76DB1835B5A5F	'hungry Molgrim roaming the swamps. Perhaps it knows?'	"""голодном Молгриме, бродящему по болотам. Возможно, он знает?"""	
148253AB450C30E01ABC6BBB2A82B80F	'if you surrender your wants...'	"""если ты откажешься от своих желаний..."""	
8AF4E74E49533B221933DFAF300691F6	'in which the stars shall quietly pass away while...'	"""в котором звёзды тихо угаснут, пока..."""	
6BE740BE433553981C0058A2594128F9	'is either gone, broken or dead.'	"""либо пропало, либо сломано, либо мертво."""	
63E5DECB4A06C5E675DF2C8485EE9D4B	'my refuge was the clay. And now the clay has'	"""моим убежищем была глина. А теперь глина"""	
4D010BED437E38EBBC659A9445D68F9C	'or dive in after it.'	"""или нырни следом за ним."""	
3ECDDBF04F52F87753E905A355680309	'played me false in a most grievous way...'	"""предала меня самым прискорбным образом..."""	
F88B778A4999E8A97E140D8B66962B66	'the houses shall be destroyed with intense heat...'	"""дома будут уничтожены невыносимым жаром..."""	
FD70BB85474E0BC50829D18491F1887D	(Abysmal coughing)	(Мучительный кашель)	
DC42D30C451FB923D8B47BA734C16B55	(After having saved the head from the swamp)<cf>This conversation is intended to be a cutscene and will show different vistas <cf>of the level as the head speaks.	(After having saved the head from the swamp)<cf>This conversation is intended to be a cutscene and will show different vistas <cf>of the level as the head speaks.	
002EF76D46BE03D794D378B271C4F377	(Anguished screaming)	(Страдальческий крик)	
6997994E41119F853582CB9D1DAD0784	(Anguished screaming)	(Страдальческий крик)	
83A1940540A7D5B194C0E084DBBDE2F4	(Battle sounds)	(Звуки битвы)	
E2EE2ED145DB832B75710C81E7109F84	(Belch) There ya go!	(Отрыжка) Вот так!	
E36357914410362F2B92FEB44889FFC9	(Belching)	(Отрыжка)	
E4B49B174DEBCC803EDFA495E451BCF9	(Belching)	(Отрыжка)	
E77D3E2A48BE256592DF97B6B56C2D3A	(Belching)	(Отрыжка)	
A6E2AA3B48A1749E6197A38C358F0409	(Cackles maniacally)	(Маниакально хохочет)	
03BF78A54C4B5C6BBD6C21B8832D7C6A	(Cackles)	(Хохочет)	
F2BC62E9447D14988D1D4A9368F731D7	(Cackles)	(Хохочет)	
03E11E534D64974F667BF9A0E7D4DD4D	(Chop!)	(Чвак!)	
1640272144D8963E30EAFF931C389E5B	(Chop!)	(Чвак!)	
5278E263445E44D3D42343B65AB6E5F9	(Chop!)	(Чвак!)	
2FBD6CE1442620991D1E888651FB5454	(Chuckles dryly)	(Сухо усмехается)	
356B4D0545FE9BCD44E992926B8365D4	(Chuckles weakly) and it was always hungry...	(Устало усмехается) и оно всегда было голодно...	
41BEE14C4EDD79D348BA7FA02A0B25A2	(Chuckles)	(Усмехается)	
BB7874424EBBFAA6F061E994C5FBCCDF	(Chuckles)	(Усмехается)	
6B29326F45170C352AD3A39A29E7F7E2	(Coughs)	(Кашляет)	
2DE52159445EC989CF18CABDA3EC18B0	(Coughs) Now, iffen you don’t mind… a little spark.	(Кашляет) Ну, ежели не возражаешь... маленькую искру.	
602BF92C4118B4588C277BA6C83FBA4D	(Deep breath)	(Глубокий вдох)	
65AAD1144E0B4F26D77C31866AD3D803	(Door slams open)	(Дверь распахивается с грохотом)	
EE0E7D4440C91AD14ED4A6B6BC412B72	(Gasps) Girl, you startled me...!	(Ахает) Девочка, ты напугала меня...!	
ED5FD7E142E649B62DCDD6927CF85219	(Gasps) It's beautiful...	(Ахает) Это прекрасно...	
5E8F4843429BD44C13ABA6BF1D67A239	(Gasps) The pictures...!	(Ахает) Картинки...!	
C5668B094FE9C30F87BBC8842DBBE24D	(Groaning)	(Стонет)	
AB5A88D64207D26B1116EC9C0B07B3E0	(Groans) The door to the flame is opened.	(Стонет) Дверь к пламени открыта.	
30D6C3C943ABB32278CD3CB6A7C32F54	(Growling)	(Рычит)	
576AFF1D4B3DBD3AD1932EB69DBC22E7	(Growling)	(Рычит)	
6B50A58A475B5D761AA65393BFA07353	(Growling)	(Рычит)	
A67F11C243CF2EF31BE308BE3BD714A3	(Growling)	(Рычит)	
521CA8A047D99C6D7729B396B521DBCF	(Growls)	(Рычит)	
55B7641C4816F723BF4309BF5FEECC58	(Growls)	(Рычит)	
126BCF1C4D5EDE3990BDF6942FD9B6B6	(Grumbles)	(Ворчит)	
74D3C3F9488256D6778C39B4B3D7FB68	(Grumbles)	(Ворчит)	
C8D714EF47639EFEF4B415AE6FCC7FCC	(Grumbles)	(Ворчит)	
FD37888842C28D83814D94911249FD4F	(Grumbles)	(Ворчит)	
CE03C3DD408F30D42AA8E4B7E279DF88	(Grumbles) Get bent, limb tree.	(Ворчит) Отвали, деревяшка с конечностями.	
FA9406184CD07A5B607B059F2B64537C	(Grumbles) Guards! Guards!	(Ворчит) Стража! Стража!	
937AA9724D88F7FD519406AD811DC557	(Grumbles) I’m so nervous to see my body again…	(Ворчит) Я так волнуюсь вновь увидеть своё тело...	
6EF8A0DE43E12C1E854E2EAAC16E589B	(Grumbles) No! No.	(Ворчит) Нет! Нет.	
05260D19437ADC5221E45FA12D937AF1	(Grumbles) This is too much, simply...	(Ворчит) Это чересчур, просто...	
A4E6981445F8C470029539B44303790F	(Grumbles) Well, you can't!	(Ворчит) Что ж, ты не можешь!	
D1D85585480A8E3883AF5C9367633FF8	(Grumbles) What’re you lookin’ at?	(Ворчит) На что уставился?	
4B77EF29441C21A0422C6E9554B7FBDA	(Grumbles) Why walk when...	(Ворчит) Зачем ходить, когда...	
5C87F1F34FCB45095942F7B5E58B6ACA	(Grumbles) You-you-you...	(Ворчит) Ты-ты-ты...	
11D0CAB14F4F12A4F6FE72A139FAFD90	(Grunts)	(Кряхтит)	
633166264B3772EAF5F4D18B90E70D33	(Hissing)	(Шипит)	
9D452A294BD488540AF41ABA6B31B713	(Hissing)	(Шипит)	
A20709C44F5DF36781FF14A57C74DBB0	(Hissing)	(Шипит)	
688BBA994291F2491E93859B3C8A46E2	(Humming a song)	(Напевает песню)	
08DFCE34453296EC5E46C38E6C77BF46	(Humming)	(Напевает)	
0B7F10214B7939071BC7D29756BDC170	(Humming)	(Напевает)	
192769C34DB3C13A2C2424886C3C09F4	(Humming)	(Напевает)	
2644C74D46DD5AE6D16B25BA15B6F49B	(Humming)	(Напевает)	
AF0C05204DA87C74ED0A0A9A5564243E	(Humming)	(Напевает)	
ED94889B447A9D0C9E4B22868A2C791A	(Humming)	(Напевает)	
FFA44EB649681A4B64E3599ED6EEB412	(Humming)	(Напевает)	
293B5A1D43046A65C3A3D5B8A2B46F03	(Hums)	(Напевает)	
7E64C19045106FA7FDF886B8015DF748	(In loving memory of) Maja the Cat	(Светлой памяти) Кошки Майи	
91DF0F334A03EDCD89DC7DB5274AAE87	(In loving memory of) Rasmus the Cat	(Светлой памяти) Кота Расмуса	
8798D037415E00A96CD5F1843AAEDF7E	(Mad cackling	(Безумный хохот)	
1343F82E414842CAD98E14BD5099F525	(Mad cackling)	(Безумный хохот)	
C5B5DD054B02DEC62644A8977858C3EA	(Mad cackling)	(Безумный хохот)	
D13C1DB047395928DF116F8B3DD87C8F	(Mad cackling)	(Безумный хохот)	
1E4BC40242B87299F55A2AA7716E1CA5	(Marching sounds)	(Звуки марша)	
08ED0C9A49F1837DFC18B3BFA30B9892	(Muttering) Come on...!	(Бормочет) Ну же...!	
E7018E6F449EE042EF5E49B7A8F08086	(Mutters) Heads up...	(Бормочет) Выше голову...	
D396BBBB427E53F5A4C80A986839AE21	(Mutters) We don’t take kindly	(Бормочет) Мы не жалуем	
6DACEB424EEC55BBD1BA358499984448	(Oh, I should've stayed in my headey-hole…)	(Ох, лучше бы я остался в своём головоубежище...)	
BF22BEA6476208D7D643308D07EF4DB1	(Oh, I should've stayed in my headey-hole…)	(Ох, лучше бы я остался в своём головоубежище...)	
39E53A624E3D2DED079F6EA01862EFD8	(Pants)	(Тяжело дышит)	
3B3104104F4B0AD86D6455B0E2707EFE	(Potboy noises)	(Звуки Горшочка)	
A1EAB6374859E8633C06DE928E77CA70	(Rabbling)	(Невнятный гомон)	
F14C3678402A6323770A2CBF5F2763C2	(Raspy breathing)	(Хриплое дыхание)	
337246F84D21D5BE25F03283DDA5F680	(Scoffs) At least he has a reason for stickin’ around...!	(Фыркает) По крайней мере, у него есть причина здесь околачиваться...!	
ADD91D564A6210D66BA1C1AE351C4295	(Screaming)	(Кричит)	
5D3180324D335F8F77A1E0885E422F30	(Sighs) But I bet it had a grander adventure than I could ever imagine...	(Вздыхает) Но держу пари, у неё было приключение грандиознее, чем я могла себе представить...	
9ED6D51B4373830A7C590699195BBFAA	(Sighs) But I bet it had a grander adventure than I could ever imagine...	(Вздыхает) Но держу пари, у неё было приключение грандиознее, чем я могла себе представить...	
E53B166149A2147788B93C8F73BFE00B	(Sighs) I really do miss my body.	(Вздыхает) Я очень скучаю по своему телу.	
B625112A44AECED4B1B0098B6E25C0FC	(Sighs) Tourists!	(Вздыхает) Туристы!	
265AFB154F3CB0DC37E7DFAC281EB581	(Slurps) The threads unravel too quickly!	(Хлюпает) Нити распутываются слишком быстро!	
CB3AE3434FCD97014866268CACF23E7A	(Snoring)	(Храпит)	
5CF5F4414DD91C46C3A32183F975E6EB	(Sobbing)	(Рыдает)	
8C1CFCFD4EC95B6562B9499A00A9F75B	(Wailing)	(Стенает)	
665BBABA43AA9A63B658A69569D4333F	... And the time of the Molgrim begins anew.	... И время молгримов начинается вновь.	
5947B8C74DA536DD8ED67395282F7EE1	... Beautiful!	... Прекрасно!	
7A2B281748B73212C8BDDBB07542F7AC	... Forever!	... Навсегда!	
7C544A13477F8AADC79BF3A824455B3B	... Grinning and many-legged.	... Скалящиеся и многоногие.	
5F0F1132496F423D3D1BDC897E98C1D3	... I don’t think I was meant to carry this flame.	... Не думаю, что мне суждено было нести это пламя.	
A0FA49EA406FB18517E18FB8497D89D3	... It was the face of this whole town!	... Это было лицо всего города!	
C9BEA72B45DED95D2F91D78A9B138044	... It’s just a match.	... Это всего лишь спичка.	
CAA4D6CA40854B32FE595180A6A2DDEB	... Jammed!	... Заклинило!	
8313A0FD487DE627E6470A9CEFFB14ED	... Just don’t believe everything the half-dead say.	... Просто не верь всему, что говорят полумёртвые.	
7286EFAE433E2AFD9C1E12ACE1B861D8	... Not until I remember the song.	... Не раньше, чем я вспомню песню.	
AA331C2E40AA2EEBE771D6B8C0C8FDE9	... While I had it, I didn’t know what to do with it,	... Пока оно было у меня, я не знал, что с ним делать,	
925C1BA844F4DD2FF1115597025BD128	... and you will be loved, and forgotten.	... и ты будешь любим, и забыт.	
FA953773447540E49ED98089190420AB	... but the Dark Itself stole her stars,	... но Сама Тьма украла её звёзды,	
499EA6654C291478D5735F89AE4B9510	...and in the dark she had dreams of her own.	...и во тьме у неё были собственные мечты.	
C0BA21EB4C39812D2EB1EBA6EB5D02A9	...and in the dark she had dreams of her own.	...и во тьме у неё были собственные мечты.	
98BBC1A54CB91CC0DCC39B8858B9BF27	...and then be a Somebody again? Man.	...а потом снова стать Тело-веком? Ох, моя голова...	
80078D214B0960A8022146971669D7F5	...into his hollow creation.	...внутрь полого творения своего.	
BD91708F47E226802DFF6588D2F08713	...so the Craftsman escaped...	...Ремесленник сбежал...	
F2643DE840E121FB443A6D9DC92189A0	180 cm	180 см	
C512F77E488851136A6603BFF58108A2	3D-Scan Artist	Художник по 3D-Сканированию	
1C500CB3499F5DCDEB202FAC4A6453D8	???	???	
3694BE27486B2B0BDDE4918BD7001314	???	???	
4D1BCB56417C00832352109A0B7DB91F	???	???	
52C002BA444F6C58531291AB1FE728EC	???	???	
5F49BF814939A507157679AD483A1859	???	???	
667C52F44C3D201C7E814BA4B606CB34	???	???	
69C2DAF245CD34B4CFE4CF9264924315	???	???	
74BC1B21488D041A2E5C978E89F04A7D	???	???	
7C5AA0F24FC943C36602D7B0680298B2	???	???	
8E79A14E4E28E13A4DE08197A99BD888	???	???	
979E3E144E00682B4BDED28A342753AA	???	???	
AE2DD985454D12233D9779B372D67EC2	???	???	
B08C17D74961ADCF4F6DCC99E8AE661B	???	???	
B7DC84714C69FE643EEC02A410BDE26D	???	???	
DE5A44424CA5FCACE079FCB111B547E2	???	???	
ED5E341C4896C79211231D820F10C1CC	???	???	
FAAD567743279919695999A03509E36E	???	???	
8375C5A74CB6935F0F9455975F45257E	A Craftsman	Ремесленник	
AF0C585D4915187A4F4E569F9CB8A344	A Key	Ключ	
D06E0E2E45BE730DD5DFC58269C94F62	A Key	Ключ	
134C2A9E49D65BECA8204DBABF605CF5	A Somebody and its flame… albeit a small one.	Тело-век и его пламя... пусть и малое.	
B2D3297348B39598742451A47F1E873A	A Somebody and its flame… albeit a small one.	Тело-век и его пламя... пусть и малое.	
7C809A894D023114761975829E54AF4A	A Somebody approaches Nobodyville?!	Тело-век приближается к Бестеловиллю?!	
138554B94DB7473A4A04F9B7BC710006	A Wretched Gut Feeling	Мерзостное нутряное предчувствие	
ACF3529249D9E3F81BF7BDA25F1B0428	A boatsman went out into a foggy lake to find peace.	Лодочник отправился на туманное озеро в поисках покоя.	
1A66393A4BF172915C2C5187358A7709	A body… What happened to its head?	Тело... Что случилось с головой?	
AD09A15F4F1DECB7DC116A9B04312F1A	A break through icy clouds, and the shameful stories	Прорывом сквозь ледяные облака, и постыдные истории.	
DBC5952649C386948B6A8FB884921C3D	A death mask, forged from the mother’s fate. It has something to tell, and a Ragdoll could help it speak…	Посмертная маска, выкованная из судьбы матери. Ей есть что рассказать, и Тряпичный человек мог бы помочь ей заговорить...	
0F61397142865B4F494F069A67516AD0	A friend in need is a friend indeed, and friendship can come in the most unusual forms…	Друг познаётся в беде, и дружба может принимать самые необычные формы...	
0FB70AF247691486F9DDD580958055A5	A good head, on a pair of healthy, strong shoulders,	Хорошая голова на паре здоровых, крепких плеч,	
0FF5B5274E3B97AA168D72BC0D18F9B4	A head… What happened to its body?	Голова... Что случилось с телом?	
8744C533475353730AE926BC1C860F5F	A house of fire...	Дом огня...	
01B129B143FDE4ECA1D1FD80EAD81EF7	A key fit for Headmasters, headstrong heroes, and town gates.	Ключ, подходящий для Главноголовов, твердоголовых героев и городских ворот.	
E3B622CF40BBCF2B1F1DC6BAB1DD0516	A key in the dark	Ключ во тьме	
7DDE04214719441DF4D1A2A66669EFC0	A little bird whispered that the ol’ man wants his song back.	Маленькая птичка прошептала, что старик хочет вернуть свою песню.	
C0B8544A457DEF1D0C3320A7AD4EDFC9	A lonesome Ragdoll with his mask.	Одинокий Тряпичный человек со своей маской.	
D5B3882C4F975DB3EB3E8886698CE3FF	A map of the mining town of Coalhaven, such as it is.	Карта шахтёрского городка Углеград, такого, какой он есть.	
5CE6163E4EB958D20314609FCF3512A4	A mask of one of the three Somebodian conquerors. It longs to dance with the other two, by the dark pit.	Маска одного из трёх Тело-веческих завоевателей. Она жаждет станцевать с двумя другими у тёмной ямы.	
63BA045240E2E12D581BC896FA4E41C5	A mask of one of the three Somebodian conquerors. It longs to dance with the other two, by the dark pit.	Маска одного из трёх Тело-веческих завоевателей. Она жаждет станцевать с двумя другими у тёмной ямы.	
C90D50424FABE5249DB26C9A9AD4E4A8	A mask of one of the three Somebodian conquerors. It longs to dance with the other two, by the dark pit.	Маска одного из трёх Тело-веческих завоевателей. Она жаждет станцевать с двумя другими у тёмной ямы.	
1CD9BA1F4588D5FD9CB4BDADA7ED9D87	A mocking echo of the Two-legged Ones that were, the Ragdolls spring to life if given a mask.	Насмешливое эхо былых двуногих, Тряпичные люди оживают, если дать им маску.	
E647DEA54A72BC3A1745E39C1F223D4B	A nameless creature	Безымянное создание	
4F1787FB4CEF9B610B34D29178EDAF2A	A presence that affects us all. We tried to trap it…  but to no avail.	Присутствие, которое влияет на всех нас. Мы пытались поймать её... но тщетно.	
CD9090524780748F7B26DEA51A2A9937	A presence that affects us all. We tried to trap it…  but to no avail.	Присутствие, которое влияет на всех нас. Мы пытались поймать её... но тщетно.	
FB9FB6F94A49895B6E39C0BD13F5E9F0	A purpose lost.	Утраченная цель.	
804549444114DD64C05B3BA4F8531600	A shard of Potboy	Осколок Горшочка	
5AE191844FE82EB9E3B042BA97312F0B	A singing head! (Hisses)	Поющую голову! (Шипит)	
53F0B2134ACA078F9110C8991D1D21FA	A sketch depicting the history of the Molgrims and the attack of the Somebodies.	Эскиз, изображающий историю Молгримов и нападение Тело-веков.	
57D40DFD4262A7CA4C02F5A07B4A19C9	A spark had once again been lit.	Искра была вновь зажжена.	
01FBF4604FD6892E314436990839CE47	A stone’s throw away lay some strange masks. The Murkle followed her instincts and put the masks back on.	В двух шагах лежали странные маски. Мёркл последовала своим инстинктам и надела маски обратно.	
95604B804C0D7144B55496A945005844	A storied meal indeed! Moonbird thanks you for feeding her	Воистину легендарная трапеза! Лунокрыл благодарит тебя за угощение	
D3429C6148F59DAAF692A987CDDFBC28	A storm is coming...	Грядёт буря...	
DAC327954D033E84012954A5D568BAAF	A story to be savored, to be sure… (Slurps)	История, которую стоит смаковать, несомненно... (Хлюпает)	
A56239F04F38F6953E91E8904E1B4CAF	A symbiosis most reasonable, don’t you agree?	Весьма разумный симбиоз, не находишь?	
A04FD2C749C5C4897A71E9AF5521E608	A terrible void, where all your nightmares come true…	Ужасная пустота, где все твои кошмары становятся явью...	
05E3FB244533BB4071A19F86DD2C7995	A thief...	Воровка...	
268E052E4A3BA0ADE51ED8BD18D45950	A time of peace would ensue, or so the Headlings thought...	И воцарился бы мир... по крайней мере, так думали Головлинги...	
A935CB3647BC568326FC728321FB131E	A true story.	Правдивая история.	
00930C80408624FB018AA1A5EDDA2D29	A wanderer from a far away place, she knows no master and loves to dance in the dark.	Странница из далёких краёв, она не знает хозяина и любит танцевать во тьме.	
F0501860444B2DAFF6AC09B7654656A0	A warning from a Ragdoll.	Предупреждение от Тряпичного человека.	
0B83040B488FB6511DB48AB39DE8E26A	A worn map of the Molgim Swamps, once used by the conquering Somebodies.	Потрёпанная карта Болот Молгримов, некогда использовавшаяся Тело-веками завоевателями.	
AAEFEF704B422FA18B404FAE4AEBFF60	Aah-hah! Hngh...!	Аа-ха! Хнгх...!	
B0A951A341D333B656BDBF82193283A5	Aaron Sayed	Aaron Sayed	
C1D999B84EBBEE769F34E5B0064CB423	Accessibility	Специальные возможности	
E10A447C4706922D0DFD8B99BD2FA48B	Accessibility	Специальные возможности	
47E7C2E74BE53D9D08848C946741CD9D	Account Management	Управление Счетами	
3C27F86D45CDE574BC7A0C83ECDBC668	Account Manager	Менеджер по Работе с Клиентами	
B939032B4EDA0F56982E919F8223CCDC	Acke Hallgren	Acke Hallgren	
928E6B67440DCE4062128DAF1E631552	Action Inputs	Назначение действий	
C0F8D2AF4ED021CBFA15E39F1943FC1E	Additional Animation	Дополнительная Анимация	
CFA927724D763B859B2FC79DF0F7B8D0	Additional Clay Sculptors	Дополнительные Скульпторы по Глине	
16D8B9AD49759162BE33FC9ADE4418EC	Additional Environment Art	Дополнительное Оформление Окружения	
341F6DC746198723E70EDBACB79329B2	Additional Game Design	Дополнительный Геймдизайн	
796DA3F64C55F5D36F8B66B10A13A3A5	Additional Programming	Дополнительное Программирование	
4FE2DA2F42970238B557CC89EFC188F5	Adrian Åsling Sellius - Clarinet, Saxophone and Flute	Adrian Åsling Sellius - Кларнет, саксофон и флейта	
CEB7056F400D3B42A5B384AC1E64A876	After a long while of following oversized snail-like tracks in the mud -	После долгого преследования гигантских улиткоподобных следов в грязи -	
340069084B24EC8C96EBF191A37423CB	After the end of the world	После конца света	
39F23F2346FF65233E96DC8E4396EAE4	After the fire, most of their matches were gone, and with it their hope. The old man demanded justice, and Coalhaven followed.	После пожара большая часть их спичек была уничтожена, а вместе с ними — и их надежда. Старик потребовал справедливости, и Углеград подчинился.	
A2950B2F4B6B966C9C851ABC37D66F2C	After years of searching for her son, the Weaver was convinced	После нескольких лет поисков своего сына, Ткачиха была убеждена	
894660D748B4947C2073158E86100DBA	Agnes Högberg - Violin	Agnes Högberg – Cкрипка	
FCCFB62B44504525012CBBB20AEDD2AA	Ahh but behold - a Craftsman!	Ах, узри — Ремесленник!	
032BF21440607A15222A53BCFED03595	Ahh!!	Аа!!	
C9D3D4CE468122B8215763BA4255463C	Ahh...	Ахх...	
B28F5AB64EF3313B5BB9BFAE8573D4BB	Ahh... no, it is most certainly night, or Moonbird’s hooting	Ааах... нет, сейчас определённо ночь, иначе уханье Лунокрыла	
C347599749CF1FE11DDF9C9214EA2A4D	Ain’t nothin’ gonna stop him now, looks like.	Похоже, теперь его ничто не остановит.	
1DF5959F42A0F8BCA11B0FA2D5CF252E	Alexandra Dahlberg	Alexandra Dahlberg	
ACE891D84FAA26E63D523B8AD8E84DCC	Alexandra Nilsson - Additional Cello	Alexandra Nilsson – Дополнительная Виолончель	
54F693634DAB2FCF403192A11D534BB7	Alisa Faber	Alisa Faber	
D85B117447867FBA54FD288BACB7674E	All Darkness Vanishes	Вся Тьма исчезает	
164945FB44ABDCAA12F2EE829056FC9A	All binding have been reset	Все назначения клавиш сброшены	
0FE7ED2D4D06ABB5B69F428475880466	All darkness vanishes for those who keep fire in their heart.	Вся тьма рассеивается для тех, кто хранит огонь в своём сердце.	
131C82C846D7C42C9654DAB6FDF94791	All darkness vanishes for those who keep fire in their heart.	Вся тьма рассеивается для тех, кто хранит огонь в своём сердце.	
7465C8114045571C0AEB91AC48B69DA8	All darkness vanishes...	Вся тьма рассеивается...	
9EA1DA434CA7783EA391C998C26F72BE	All darkness vanishes...	Вся тьма рассеивается...	
FCEF91414449E66D1CF098886C5E2721	All darkness vanishes...	Вся тьма рассеивается...	
66570298446BB13DA53131B2FFCD00C9	All in the name of some sort of control.	Всё во имя некоего подобия контроля.	
48FE35364F069BACF4198C96C00C4BFA	All of them dead like asked, yes, but the song...	Все они мертвы, как и требовалось, да, но песня...	
60F7FE7242D21BAB44912494E07C26C0	Alla sover	Alla sover (Все спят)	
825800E34EC2EEB4FE1EA190841B1589	Along the Walk she met the old Soulfisher with whom she’d shared many a teacup in her days.	Вдоль Тропы она встретила старого Ловца душ, с которым разделила не одну чашку чая в свои дни.	
D37DFB7C4BCA05A604F720955435C2A3	Am I right?	Я прав?	
CB24039B4669667C94AAD9B0B531D08B	Amanda Alling Andrén	Amanda Alling Andrén	
5B96B6A745A9979A9BEB128DFFA1DAC4	Amets Zurbano Ramos	Amets Zurbano Ramos	
22A89D5C4EC188EB95F0D59454DB3468	An old swamp saying.	Старая болотная поговорка.	
962550AF496FEBFDC47AD1BC6A9E223B	And I wish you the levity and grace…	И я желаю тебе лёгкости и изящества...	
FBB0C5F7486D549D7939748EC7106A7F	And I’m feelin’ a song shakin’ in my boots…	И я чувствую, как песня дрожит в моих сапогах...	
8819A0F04FF045B83A220D92231D8949	And as the Heads roll, the time of the Molgrim begins anew...	И пока катятся Головы, время Молгрима начинается заново...	
77F32E3E4C4358713A27FC8E03C52DE8	And it just keeps on goin’, don’t it.	И это всё продолжается и продолжается, не так ли.	
9AED0A7E46CB25476F9A78A6A8B829E4	And it just won’t come back - I don’t think it...	И оно просто не вернётся — я не думаю, что оно...	
5E35FB51423DC0167748CDB70B08946D	And just maybe we'll be able to die-die, for real this time.	И, возможно, мы наконец сможем умереть по-настоящему, в этот раз навсегда.	
543A6F3543AA5B93490677B4DDE18A69	And now here I am... and I have been for some time now.	И вот я здесь... и пребываю уже некоторое время.	
5E929656411013440C7EFAA133C5E075	And now there’s nothing.	И теперь ничего нет.	
DFEC08EA47846B729448A8B00F5C5339	And now there’s nothing.	И теперь ничего нет.	
E6F4789C4A2054951D42068F4A5D0435	And on you go, like a moth into the burning light…	И ты идёшь вперёд, словно мотылёк на обжигающий свет...	
1F9808804EB1E8B294EED9B3A2047D08	And one day it had gotten big enough to start walking the long road.	И однажды оно выросло достаточно большим, чтобы отправиться в долгий путь.	
4B79359341204E9E9F6076992146F258	And salutations, Burnt One. Fancy meeting one of your kind here.	И приветствую тебя, Обожжённый. Вот уж не думал встретить одного из твоих здесь.	
B0E51739483EA16C34DCEC9E0384FFCE	And so it was,	Так и случилось,	
9DCA210D4316551D4FD1DD90AF240A70	And so it was, that the Burnt One and a small flame, took a wander down the Midnight Walk.	И так случилось, что Обожжённый и маленькое пламя отправились блуждать по Полуночной Тропе.	
93A570BA46C88517B69192B5854D2FDD	And so she woke with a yawn so big it could’ve devoured the sun.	И проснулась она с зевком столь огромным, что могла бы проглотить солнце.	
686891DA4D5A1E315888DD99DA8B2550	And so the thief began to steal matches, and lit them	И тогда воровка начала красть спички и зажигать их	
91A1DD6C4D8ABE00E982558081DD40E0	And the confusion grew further into panic when she was greeted,	И замешательство переросло в панику, когда её поприветствовали,	
4AD7AD0748BB9A7E7C1E7E8F7EC41105	And the dolls did come to life. They began to dance a haunting dance around her and,	И куклы ожили. Они начали танцевать жуткий танец вокруг неё и,	
169D1CC445B8876A7D996B9C17B39F7E	And we exchange letters to this day.	И мы обмениваемся письмами по сей день.	
3E825A3043C1914B5699C38D961B141F	And we exchange letters to this day.	И мы обмениваемся письмами по сей день.	
18FD40C24BC0581CD2477AAF87086E94	And yet… with all that stuff, they didn’t	И всё же... со всем этим добром, они не	
3768C2C84DECDBE8B00230AE37E0846B	And yet… with all that stuff, they didn’t	И всё же... со всем этим добром, они не	
F1C5DE13447A546B45F33D94A8205E13	Andreas Juliusson	Andreas Juliusson	
87865A364C0A5CEF83700BAE22CBE1F1	André Jönsson	André Jönsson	
16684B7D4070A8818089C194BCB4F1E3	And… I think I have a reward for you	И... кажется, у меня есть награда для тебя	
42497DE44532192CB5C0C28413F8AEB4	And… by the powers suddenly vested in me I will-- uh…	И... властью, внезапно данной мне, я... эм...	
17314F9E41E8A5B0FF3613A23E37DAC9	Animations by	Анимации от	
D81FFDB14C4B8E0C2C9D39B5C2528B2E	Anne Westphal	Anne Westphal	
7B140730484DCB8E552428AD43F3C392	Another action is binded to the same button!	Другое действие уже привязано к этой кнопке!	
FA157D574367194DACE0F8803F703E02	Another old swamp saying went:	Другая старая болотная поговорка гласила:	
DF5A01F0479D961763F5EB8F5BF0180A	Another was stolen by the greedy Moonbird up in the hilltops.	Ещё один был украден жадным Лунокрылом на вершинах холмов.	
2406B9454B6A579E9340E4B9A92D24C5	Anthony Ingruber	Anthony Ingruber в ролях	
BCEDC0D741689FA8607EF397972566BA	Anyway. I guess I’m sad... Sad and sorry.	В любом случае. Думаю, я опечалена... Опечалена и полна сожалений.	
5B53641D4970E1CBFA76A895CADD6D33	Approaching the town, she was greeted by a crone:	Приближаясь к городу, она была встречена старухой:	
4C22694D49173ACD0EF893A932F898CC	Argh, heads up!	Аргх, выше голову!	
17AED8354D5BA508D243EAA3727BE45E	Arms and legs?	Руки и ноги?	
21689AA54A99971EF58B25AE27C7BD69	Art Director	Арт-Директор	
F3DC868B4B0E663730BA8488D3F9C63F	As his fire went...	Когда иссяк его огонь...	
7A48569547DA861F9A491184A84C2ACF	As it turned out, the whispering belonged to a pack of starving Crawlers,	Как оказалось, шёпот принадлежал стае голодных Ползунов,	
662B523143180DFD42580B8EA185C89D	As the Furnace died; one by one, so did we.	Когда Печь угасла, один за другим угасли и мы.	
0541C636468E629D876B78AE793E1A66	As the dust settled and the Somebodies saw the destruction they had wrought, their heads knew what had to be done.	Когда пыль осела и Тело-веки увидели разрушения, которые они причинили, их головы поняли, что нужно сделать.	
9E8D655F4C9D5F4B883DF68A7EDE9F85	As the fire of the world faded, so did the creatures of the woods go into deep slumber.	Как огонь мира угас, так и создания лесов погрузились в глубокую дрёму.	
A731542D416734666301549E635EEB35	As you’ve observed with your own head globes	Как ты заметил своими сферами в голове	
3EB4BDB04570E7516D74738ACEBEF298	At least your head looks attached to its shoulders and	По крайней мере, твоя голова выглядит прикреплённой к плечам и	
489EB14B4A259CAFF6F0D69440C7D5E2	Att skåda himlen om natten	Att skåda himlen om natten (Созерцать ночное небо)	
3C6D56AB4568DB6794B508981B07CA97	Audio	Аудио	
DBD305E64DC167B5B89364965FD9ABBC	Audio	Аудио	
5BCEE0724FF10CAB228AA5BBE3D3C37B	Audio Design Intern	Стажёр по Аудиодизайну	
3528D7614467AB8EC634D1B9B21E6366	Auntie Murkle	Тётушка Мёркл	
A4FECCFB4A438BB5A4B987BD3BB1E1F1	Auntie Murkle	Тётушка Мёркл	
E535391D417E175838B2D2A512D9DD54	Auntie Murkle's Bedtime Story echoes through space and time.	Сказка на ночь от Тётушки Мёркл эхом разносится сквозь пространство и время.	
20B410A446803E59C3A37498C1752D20	Auntie Murkle’s Bedtime Story	Сказка на ночь от Тётушки Мёркл	
CA9C59214BB5A3547DA1D888E3F51C9B	Avert your greedy gaze, the moving pictures are not for you!	Отведи свой жадный взор, движущиеся картинки не для тебя!	
E66D198C49DA41C7279E479D43C2BCA2	Aw heck, it ain’t my place	Ох, чёрт, не моё это дело	
96F3BAB34780C371BB4F79A16EEEF8F7	Aye, it's true...	Да, увы...	
16B1813A45D2BE9A2BB451AF3149F30B	Back	Назад	
431485214555587B336F4B9158F7A8D1	Back	Назад	
5FD45CCD4CB55EE339DEB399CD7124E6	Back	Назад	
F19A73C54E148216C2CF35888807467A	Back	Назад	
3C84CBF54E52E0F7160B71BEAFCE2C01	Back from a little swamp detour, eh?	Вернулся с небольшой болотной прогулки, а?	
EF85C8E0426054B15B3ED89C5DBA4D69	Back home on her hill, memories of the Murkle’s many encounters along the way came circling back into her mind.	Вернувшись на свой родной холм, воспоминания о многочисленных встречах на пути затанцевали в сознании Мёркл причудливым хороводом.	
924F2EDA4E0EBD8646F83580832FCA4F	Barely escaping the gnashing teeth of the Molgrim, she managed to escape by jumping into a lake,	Едва избежав клацающих зубов Молгрима, ей удалось спастись, прыгнув в озеро,	
C69ED4504B56443976A49CB2C0F7688B	Be wary of the Dark Itself. It's full of ideas…	Остерегайся Самой Тьмы. Она полна идей...	
5B6689CC471732CDD9BC85BCF55E14CF	Because I knew the truth about the monster in the woods...	Потому что я знала правду о чудовище в лесу...	
4F4DD69B4FC64DC02326889322DF14D0	Before she knew it the little Murkle - lost and tired - came to stand before the Dark Itself,	Не успела она опомниться, как маленькая Мёркл — потерянная и уставшая — оказалась перед Самой Тьмой,	
A71984D34590BA78E5D6459FDBEF56A8	Before the big project, there was the dream. The dream held all the answers.	До великого замысла был сон. Сон хранил все ответы.	
BC15666A45ED99E160C5C7A129EE4A26	Behind and behind and...	За гранью и за гранью и...	
C47CE0BE4A677118626C9495895AB27A	Behind and behind and...	За гранью и за гранью и...	
B3E3F8CE42238E96FFA2EA9D0E7A7291	Bengin Bayrak	Bengin Bayrak	
F9814FC043C0A7F4E7717AAF2FEC80C2	Beware the Grinner	Остерегайся Оскальника	
7959A20A4D1D022AE419338440BA4F24	Beware!<cf>All previous game progression will be lost.	Внимание!<cf>Весь предыдущий игровой прогресс будет потерян.	
488D0BB14D99E9DF899C60A31A2A4F5C	Beware!<cf>Previous game progression will be lost, except for collectables.	Внимание!<cf>Предыдущий игровой прогресс будет потерян, кроме коллекционных предметов.	
789598944CC14DA445644C83F175DE91	Big project, no spark.	Великий замысел, нет искры.	
03ACA0174A8EE4C08C66E8AADCC437CD	Big project, no spark...	Великий замысел, нет искры…	
409A230C47826A166D54A7864C6EA649	Bin Su	Bin Su	
2B991D39408975A8D355D4A4E8F90EEC	Birds of the Dark, everywhere!	Птицы Тьмы, повсюду!	
95107EC44825270790A93590FF66338F	Bodies are scary! No offense.	Тела пугают! Без обид.	
BD8420F348BBC5257C34A99A873F7AE6	Bodies are scary...	Тела пугают...	
B8BF90AC46823084E3F45AB53EE70E8E	Bodies rule! Full of fire!	Тела правят! Полны огня!	
58B571364094F5EC1D46B3B7E67D037C	Body	Тело	
F95935A34C8A210A79D203B057CA9D0E	Bony hands reached out from all around her, trying to grab her…	Костлявые руки тянулись к ней со всех сторон, пытаясь схватить её...	
8B5509204806C4C503DA7A90070B5C9D	Born anew each time the sun dies, the Moonbird feeds on the flickering flame of hope and tragedy; a hunger which can never be sated.	Рождаясь заново каждый раз, когда умирает солнце, Лунокрыл питается мерцающим пламенем надежды и трагедии; голод, который невозможно утолить.	
501A9FD64D3DA6A5D7146486ADBF206F	Break with your boots, take with your hands!	Ломайте сапогами, забирайте руками!	
24C21382431AEF6F2F867F8CD1BD7274	Brian Herring	Brian Herring в роли	
345986C4433A8194FC87918F637C28AC	Bring fire to the story…	Принеси огонь в историю...	
277BC1FB430EF89B96D86A88B567A8B8	Bring three masks to three Ragdolls - and the shard will show itself. Close your eyes and listen for them...	Принеси три маски трём Тряпичным Людям — и осколок явит себя. Закрой глаза и прислушайся к ним...	
428B0F2A4D198BB2633F63B8897BE097	Brother Interactive Pvt. LTD.	Brother Interactive Pvt. LTD.	
280029364916BA79B361D3B8898BF1D9	Brothers and sisters, hunt down the thief!	Братья и сёстры, выследите воровку!	
60408D944A7F40A0E0A5CA95B722A88A	Burn	Зажечь	
F57093614DA28CE1D8C7C3BBC651BB47	Burn	Зажечь	
799E91AC44CF7240BD47FEB87344CEDB	Burn them for what they did.	Сожгите их за то, что они сделали.	
10CA20AE4778DDA9E8A2688F5395A793	Burn!	Гори!	
93BA52674E3F7171F5A787B76BB4F6F7	Burn!	Зажги!	
93C014D5467B1D8A7B7035A25BD16D31	Burnt One and little Flame. Will you help me?	Обожжённый и маленькое Пламя. Поможете ли вы мне?	
C8530DC84C56CEE2869D42988C509DC6	Burnt One, small Flame. I am grateful,	Обожжённый, малое Пламя. Я благодарен,	
914F26F4416F51EF20B09E9403ACAEA3	Burnt One, wherever you end up this long night	Обожжённый, где бы ты ни оказался этой долгой ночью	
307E5F4142593BF648C383AC2E703345	Business Development Director	Директор по Развитию Бизнеса	
B451F9344B9C8A32E7E94582E26ED443	But I dropped it in the woods, that horrible night.	Но я выронил её в лесу, той ужасной ночью.	
F9AE2E1B40D7ACE4D306CC8EEE175EC1	But I just think he’s lost like the rest of us...	Но я думаю, что он просто заблудился, как и все мы...	
D7CA390A4A8BD6F31E543098C41EFD56	But a thief stole all our matches, wasted them in greed you see…	Но воровка украла все наши спички, растратив их в жадности, понимаешь...	
BDF37DFE465FE1998A9D788F4FE0E908	But before we perished, the Dark Itself moved	Но прежде, чем мы погибли, Сама Тьма вселилась	
3017773B43F08F31977C41B64D367191	But it didn’t matter how much they bathed in its light; they craved more.	Но не имело значения, сколько они купались в его свете; они жаждали большего.	
2CB453234FA0E39B3E26E2BFEEA80B42	But it is weak.	Но он слаб.	
736CE6E14913DA3AB29F54830F913343	But most of all	Но сильней всего их тянет	
E8DB1427408E7F8E45D44F986093BE2A	But one can rest assured that it is always there, watching	Но можно быть уверенным, что она всегда там, наблюдает	
F38208B04CCD271F279CF2AED6569A90	But she could sing! This town’s not much without fire, no...	Но она могла петь! Этот город не многого стоит без огня, нет...	
6B8FEB814E9893F6898A719F81F8889A	But so is the bitter cold that has taken hold over Nobodyville.	Но таков и пронизывающий холод, окутавший Бестеловилль.	
678C42614B671284CA3EE286AB24A315	But the Dark Itself isn’t any 'thing'.	"Но Сама Тьма не является ""вещью""."	
EF0D5B644C80A3CB773693AC4CAF89FB	But the Dark Itself isn’t any 'thing'.	"Но Сама Тьма не является ""вещью""."	
EE7E56D241903F5316DD8EBE1BC874EE	But the Makers in their foresight had put the sun far, far away	Но Создатели в своей предусмотрительности поместили солнце далеко-далеко	
32E81BDA4B8F0AA8654F608E081CDFC5	But the Somebodies	Но Тело-веки	
E8A179D6419548CC2568888D63EB6EAE	But the face wormed itself out of his mind’s eye and, instead	Но лицо выползло из его мысленного взора и, вместо этого	
F2DFED3144DD865AC6438AB4A012C500	But the heads only grunted and rolled away, back to the safety of their huts.	Но головы лишь недовольно буркнули и откатились прочь, обратно в свои безопасные хижины.	
1CDF079241814BB69202FF9839E5CA58	But the joke’s on her!	Но шутка обернулась против неё!	
D045577345468ABD0E301A9C53B59C10	But the joke’s on her! Because I knew the truth	Но шутка обернулась против неё! Потому что я знала правду	
5FCA484341B3E9D54B706895D4CE16FC	But there are only so many matches in this world, and one day they’ll run out	Но в этом мире лишь ограниченное количество спичек, и однажды они закончатся	
30671CF0439427E9FFA5D8B2F88A37C3	By a lonesome shack in an out-of-the-way part of Coalhaven, the Old Man sits and waits. He can be heard humming a lullaby - a prayer for forgiveness.	У одинокой лачуги в отдалённой части Углеграда сидит и ждёт Старик. Можно услышать, как он напевает колыбельную — молитву о прощении.	
E42AFD4B499BAD0F666E77A28F62E323	By now you must have learned:	Теперь ты наверняка усвоил:	
EF006EAA49450AFAD1A6148933546714	By the side of the road laid three peculiar faceless and person-sized dolls, wrapped in muddy bandages.	На обочине дороги лежали три причудливые безликие куклы человеческого размера, обёрнутые грязными бинтами.	
F7B159A44AE21C74008A7D8922357895	By the time the Soulfisher looked up from under his big hat, the Murkle had already continued down the road.	К тому времени, как Ловец душ поднял взгляд из-под своей широкой шляпы, Мёркл уже продолжила путь.	
37011AB646527C858EE1C48D03DC5408	CEO - Fast Travel Games	Генеральный Директор — Fast Travel Games	
5D82A7F44301BF9905BBDDB288563827	Calibrate	Откалибровать	
623F0B2D4C880FE9B8CE9ABDA5B48442	Camila Gómez Zamo	Camila Gómez Zamo	
43B9493A4E4F3D5C1B59EA8FCBC094A0	Can you do what you must?	Сможешь ли ты сделать то, что должен?	
AAD8E04744EACBFEA19C4D8D4BF194FA	Cancel	Отмена	
D12F2A4F43620B6BEC5F829796B8D6A9	Candle Valley	Долина свечи	
373147C24D4FFF3F2C3EE684C50305E5	Candlelight Valley	Долина света свечи	
A8DAB5F8470ED9F0807130B27F6C8550	Careful! The Dark sees you.	Осторожно! Тьма видит тебя.	
EE213494478A23DE503E69BE8094738C	CaveHandler	CaveHandler	
0A6133A3485B5F82B1606996247C3CF2	Change	Изменить	
3CD060CE4EFA8F8B027BF9899A0D31EE	Change Set	Изменить набор	
68627C9545A211E35357EF924BF1F645	Change is in the air, warm winds comin’ in from Coalhaven…	Перемены витают в воздухе, тёплые ветра приходят из Углеграда...	
82D6BA184105BCD72255FA99881764C0	Changes have been saved	Изменения сохранены	
260381FF41C6EA89782C2D85526DCE8B	Changes will be reverted in: 15	Изменения будут отменены через: 15	
F531C57245E64213EFEB369B4BB71A08	Changes will be reverted in: {x}	Изменения будут отменены через: {x}	
72428983432B1FF607E0A9BEE413942A	Chapter End! Thanks for playing Headville!<cf>Walk through here to go to Coalhaven!	Конец главы! Спасибо за прохождение Бестеловилля!<cf>Пройдите здесь, чтобы попасть в Углеград!	
108624A14673DE44E65931B88C0EAFD3	Chapter End! Thanks for playing The carpenters heart!<cf>Walk through here to go to the dark!	Конец главы! Спасибо за прохождение Сердца плотника!<cf>Пройдите здесь, чтобы попасть во тьму!	
F0ED295048E73B1FBC155BACF20C2A1C	Chapter End! Thanks for playing The carpenters heart!<cf>Walk through here to go to the dark!	Конец главы! Спасибо за прохождение Сердца плотника!<cf>Пройдите здесь, чтобы попасть во тьму!	
28FABD3040357D8F9E2A16BA5E943935	Chapter Select	Выбор главы	
EA0378CD407148FDFCB972825D844808	Chapter Select	Выбор главы	
B606A850412B7A5ADB46B4B54F76951E	Character Designs	Дизайн Персонажей	
FCA50B6547FFAF35DE98209D83C2B8B6	Charge Throw	Усиленный бросок	
4D34B7E64FF91196B4B05EBF92C28970	Charlie Morén	Charlie Morén	
59FB4D1C4DE061D3B4F68FB4267F7C2E	Chi Ichikawa	Chi Ichikawa	
A73227194FBC7D53FDAA5591F314950F	Chief Marketing Officer	Директор по Маркетингу	
24FFB5F54C3A4C279D147B82F286E874	Chinese Translation	Перевод на Китайский	
D415CA6345A325C411A4EB930ABD9A63	Chris Guerrero	Chris Guerrero в роли	
3EBBAE5C4CB794362D43E0AB0D535438	Christian Björklund	Christian Björklund	
01B822FB48C590DB13153AA039F5FAD6	Christopher Tåqvist	Christopher Tåqvist	
4B7B66AA4082535EB4B696BB2C50C24E	Christopher Tåqvist	Christopher Tåqvist	
824EDA814D0644038D36A481C2F9EC09	Citizens are advised to hide indoors while the Grinners are afoot. They take their time, but they catch up in no time.	Гражданам рекомендуется укрываться в домах, пока Оскальники рыщут вокруг. Они не торопят время, но нагоняют вовремя.	
8ACA7B014B266ADDCE7C46B2C3DB3C9C	Clay Sculptors	Скульпторы по Глине	
7C754E7B4B455BA288A6F58A24A833F9	Clementine Berglund	Clementine Berglund	
5C06B5484599DB89E32813BD36AE9E70	Click	Клик	
48F927CA49C8E17037B95C8ED6BDE220	Close Eyes	Закрыть глаза	
56291B8848B1ED2BBDF16E9A81636531	Close Eyes	Закрыть глаза	
AABB76E646F747DE6E70FC8D4885BB62	Close Eyes	Закрыть глаза	
CBE487EC4C39AAA1F0F0DEAF49A547AF	Close Right Eye	Закройте правый глаз	
557891354EE413B2B972658EE92EEA7C	Close your eyes at the ghost!	Закройте глаза при виде призрака!	
8BB47BD94D0E1B6FE55E128EDE1BCC95	Close your eyes at the ghost!	Закройте глаза при виде призрака!	
7F2EB53E4AA5B930B4E23E9A38CBD4F1	Close your eyes to listen for hidden things…	Сомкните веки, чтобы услышать сокрытое...	
619643574DA0637B6C8CB0AA1B6F739D	Close your eyes to listen for the Key Critter…	Сомкни веки, чтобы услышать Ключника…	
6EFCB878410C0AD5131F989F7B8BE97F	Close your eyes to listen for the Key Critter…	Сомкни веки, чтобы услышать Ключника...	
16BFEFF543F342B074A40292EB8D2E71	Close your eyes to listen for the bone...	Сомкни веки, чтобы услышать кость...	
FA0E26E645D10B4A634ADC8E123D7D2B	Close your eyes to listen for the bone…	Сомкни веки, чтобы услышать кость...	
64D5DC4B4BB6B5B8BA73F6A5B3ED78A7	Close your eyes... listen...	Закрой свои глаза... прислушайся...	
82EEEB85440BC5CB52D9589C5903598C	Close your eyes… do you hear?	Сомкни веки... ты слышишь?	
30257BE448C181A0C1F38894C69EC745	Coal	Уголёк	
936010484A1A20257FAFC88B467B93AC	Coal	Уголёк	
6D1F4EF14AECE4F86523F8B177A6761E	Coalhaven Ragdolls	Тряпичные люди Углеграда	
F654001947541D3F847418ADEAF8574E	Coalhaven Ragdolls	Тряпичные люди Углеграда	
E2A607874ED1E9239793488F9CCE319F	Coalhaven is doomed!!	Углеград обречён!!	
1CC37E154DBB88D2CE27ACAD343738D8	Coalhaven’s Vengeance	Месть Углеграда	
2979BA674886BB188DF477A846590FE3	Collectable Found	Коллекционный предмет найден	
ED66E9CD459847279F4E26B34A034F57	Collectible	Коллекционный предмет	
1D222F9F4FCB87B389826186CB9735BD	Collectible Found	Коллекционный предмет найден	
7D9BCAEE438E2082A9B3EABC06E9EC5C	Collectible Found	Коллекционный предмет найден	
5E52D5BD45DE59E6F9ADE68CFE2C57B8	Come forth, thief, and confess your hideous crime!	Выйди вперёд, воровка, и признайся в своём отвратительном преступлении!	
4195E9F24AA467A0D462139B812221A1	Command	Команда	
4161505942EF0C8DCA4A3095F6611750	Community Manager	Менеджер Сообщества	
0E8D198F45B7DF15D383B0A9747521B8	Compliance Software Test Engineer	Инженер по Тестированию ПО на Соответствие	
475EDCF7494B807449AA58A835CD4DD5	Compliance Test Associate	Сотрудник по Тестированию на Соответствие	
B6C229AF416D7EA40ADFAC9665BF27BC	Compliance Test Leads	Сотрудник по Тестированию на Соответствие	
2132082048AF040686F9ECA212EEF78F	Composed by Joel Bille	Композитор: Joel Bille	
086523AB4AF3272286D1A386E9608858	Concept Artists	Концепт Художники	
1FBF7CB34B3C2AC6B766E299CA990672	Concerning Molgrims	О Молгримах	
E0007BD745E81D3D50C319BFAA72FA40	Confirm	Подтвердить	
DBF07F5443909950AB322ABA00B1B5E6	Confirm vr selection	Подтвердить выбор VR	
4A47B70B46EC32679E2D6A8EDFEB9028	Confirmation	Подтверждение	
C0AB86EE421861373796D9BD75DBF684	Continue	Продолжить	
F008E3D64B473D6B5FD3399BB3D9D92B	Continue	Продолжить	
50338FF141EBB1A2D5A3C7A234B157AA	Controls	Управление	
507473514F7EAE2A71BC518A86AEB65E	Controls	Управление	
D7056009414831057FCCC58A3E3218A1	Controls	Управление	
C226AE414311F28486EBD3B0F676ACB0	Conversations with Molgrims. (Listen to the story inside Housy.)	Беседы с Молгримами. (Послушайте историю внутри Избушки.)	
A4DC751B495D3CA06F5FECBE3279BA6F	Copyright © 2021 PACAYA records	Copyright © 2021 PACAYA records	
138E72E74BA2DF86990F2DB229952C72	Could it be time for the bodies to return?	Быть может, настало время телам вернуться?	
95F799134BF6606382C9C9B93841DE64	Couldn't pry myself away from them;	Не могла оторваться от них;	
9AD9639648CC5F3AFE3362BC8D420FA6	Couldn't pry myself away from them;	Не могла оторваться от них;	
09E356DC44D8083D096B37832336E96D	Created & Directed by	Создание & Режиссура	
940D709147C5C9DFBA56A5B687C3B4A6	Credits	Титры (перевёл Dontaz v2.9)	
949C589A420D7024E067AEB2FF8CD5F2	Crouch	Cжаться	
9EEF3795491DA2638B042CA6611953CF	Crouch	Cжаться	
AFC04C1B4245B7507379CFA21E1BD0C7	Crouch	Cжаться	
C28BC73148D73D885AA38EBE80DF0A12	Crouch / Back	Cжаться / Назад	
1251266445D58C102E1B94A26880B73B	Céline Echilley	Céline Echilley	
56EA9DDD45C4ADB23E721D8219C9303C	D'you hear the screams?	Слышишь крики?	
0A941BD94FB7AF6E1A66EDAFFC281D69	Daniel Smagowski	Daniel Smagowski	
625687BE41527E273AB8EBB4E996077B	Danny Edmalm	Danny Edmalm	
7F97E7A843FC24F012239EA1A12D3034	Darkness gives, darkness takes,	Тьма даёт, тьма забирает,	
77EEFC60474D03E7A448AFB8C0B4E775	Darkness listens, in moves ice - no more villagers - very nice...!	Тьма слушает, движется лёд — больше нет жителей — идиллия...!	
D77538A7412D25FC23C54AB7B47B31D9	Dave van Egdom	Dave van Egdom	
58880A8F473FA67392B2949234A91C8A	Dead Potboy Valley	Долина мёртвых горшочков	
023DF3C24CBA5806F9303BA4E2D503DE	Dead Potboys litter this area. They seem to strive for the last <cf>part to the top, but didn't make it.	Мёртвые Горшочки усеивают эту местность. Кажется, они стремились к последней <cf>части наверху, но не добрались.	
36F96F674E9B6499D0898BA147D3A0D0	Debug	Debug	
99D6CF064447FC761ED62797AFBD3AA1	Debug	Debug	
CBD286004B0E1B52A815F19D0BEA0BB2	Debug Streamers Active	Debug Streamers Active	
AE96175441AFEA89180518BF2B76AEE7	Debug Streamers Not Active	Debug Streamers Not Active	
D54A6C244C6D991A17A0178D5F5B3450	Delete Saves	Удалить сохранения	
69C7CFF6435701D0DE7E5595F486F5FB	Derek Kim	Derek Kim	
24C6264E47B633F642338A8D7F0BCBC8	Description	Описание	
DB8C4ED3417A6E27116D6183D2A0D0D0	Description	Описание	
3FE906AB49F472C60474E19FC05AD713	Detection	Обнаружение	
BE1AC2C741752A765CEE78833C311116	Detection	Обнаружение	
861A831A48C13088990F97801504FAE2	Did I save them?	Спасла ли я их?	
CDCD31D84CED5B479CE7E29B8477116C	Did I save them?	Спасла ли я их?	
CBA01A194A84F0F2AF03FAA0BC2966D0	Did he make you too...?	Он и тебя создал...?	
C3CF0C66415F8126E36E1DB5F6A9612D	Did he make you too?	Он и тебя создал?	
9B5927234ED24E62587A7296DFAE2617	Didn't you hear?	Разве не расслышал?	
4D2237D84E73E3FEF063DE9462B7060B	Director Independent Partners	Директор Независимого Партнерства	
5DB338EA4D365D66B565BBA94E7474EB	Director of Portfolio	Директор по Портфолио	
A2494258418005EB6D0176BDC71E573E	Display	Изображение	
F013423E43EC0D805C252FA68693B29D	Display	Изображение	
2E0C23064AA269133096B7819AFB753A	Do not fear the form	Не бойся формы	
A13926234D6C5547EF65779D3A05FD8F	Do not feed it fire, or it will make my headache most dire!	Не корми его огнём, иначе моя головная боль станет невыносимой!	
8C48CAC84E00BBB01F366D949824355F	Do not make me regret my decision.	Не заставляй меня жалеть о своём решении.	
86219FDA464AA7AC1FC60B96B41F66AE	Do try again.	Попробуй ещё раз.	
702B0349471447AE87EDFD8C69D6E891	Do you hear that?	Ты слышишь это?	
2B5BE9D94527E964033AC7B32BB2D1F9	Do you know the dance...?	Ты знаешь танец...?	
FE19536E49D98B6C179C329FDBC75247	Do you know the dance?	Ты знаешь танец?	
85FDDD514940E5C0DE8C45913F864A01	Does it still keep our song?	Хранит ли он ещё нашу песню?	
6E0BB1904471B34C4610A29886716B39	Doesn’t make sense.	Бессмыслица.	
B51CAC7C43D14A1B36D659BF6BCADED9	Dominic Kendrick	Dominic Kendrick	
33CD82FA4411E56B830DB791E986FEFB	Dominik Langer	Dominik Langer	
AB150E434B5D8111EF467587E6002989	Don't eat me!	Не ешь меня!	
3E72B4ED4A8CCD994B90DABC92F42B33	Don't touch me, you limb tree!	Не трогай меня, сучковатое дерево!	
859580CA449395D3E12684B2810AC62E	Don't touch me, you limb tree!	Не трогай меня, сучковатое дерево!	
47963EE94A87A1262D351A878C22DDE2	Dontcha know?	Разве ты не знаешь?	
3B63B5AA49C354AD76FE4182D06E2FDD	Don’t make no sense… Again!	Бессмыслица… Опять!	
3D77A6E24A037927EC7E6495454D9FEA	Don’t you know how precious he is?!	Разве ты не знаешь, как он ценен?!	
9FF9FB144DA92CCC22BCE2929353F0E2	Don’t you know how precious he is?!	Разве ты не знаешь, как он ценен?!	
C0EDEA49461824036CE087BDF1DDB1EB	Down	Вниз	
1A226B434F321EBDF86917ADBC889E47	Draw	Достать	
2950CAB445593A3028EB9CA583C0B593	Dreadful was the day - when the sun vanished.	Ужасен был день, когда исчезло солнце.	
0B44A5364EC1A46BA2F1279497254322	Drop	Бросить	
8CD4E08143E06C006B5F49B5D2AA6C1B	Drop	Бросить	
847682EA4F8DD7C27FA20DB8DD14DFFE	Drop / Throw	Бросить / Метнуть	
861EA33E4D27966115A89F8CE68CFF32	Drop Item	Бросить предмет	
EFDBC7A84375CD59F45DF9BC9185422F	Drop Left	Бросить левой	
8070F404471A6483FCBDCBBDE8DD8951	Drop Right	Бросить правой	
06D54A814FB94A27EBB8A9B1DAA3E564	Drop object (or hold to throw).	Бросьте объект (или удерживайте, чтобы метнуть).	
C494DB5D465F8BF4111BF29242D8F384	Drop object (or hold to throw).	Бросьте объект (или удерживайте, чтобы метнуть).	
47C4BBC24DD63D329A9868A4E194951E	D’you hear ‘em shakin’ in the cold?	Слышишь, как они дрожат от холода?	
6D149A814E27D70925BCC8B140A108C4	D’you know I haven’t seen it once since I lost my body?	Знаешь, я ни разу не видела его с тех пор, как потеряла своё тело?	
4940060548478AEEE3B2238574BE1777	Each of them touched it and described it to one another.	Каждый из них касался его и описывал другим.	
9C1C30B2430ECA586D85FB93AD08CE4B	Elliot Cooper	Elliot Cooper	
724747764BDA96D0CE22F88EE0FB661C	Elliot Lundgren	Elliot Lundgren	
B580CC53411C4B7BC266DB9336CA8550	Emilie Abetel	Emilie Abetel	
A3CD240B45D93AD98A8E14A8486B3B58	Emily Fajardo	Emily Fajardo в ролях	
E179739B4F6F81435F991AAD4D0CEA43	End	Конец	
ECA1DC9D447D50C610199A984ECDCA37	End the story, so yours can go on.	Заверши историю, чтобы твоя могла продолжиться.	
B7AE0F6A42CF7C7975CAB9836907A195	Engineers	Инженеры	
A42847D2460EE59C60F24A95EB144548	Enough talk now.	Пока хватит разговоров.	
4B1C1617490D037FE48A0CA3745E7EED	Environment Artists	Художники Окружения	
D22C8C4B4572B48EFB8E4CA21A891995	Equip	Взять	
D4BA704E4B62A167511383A37A7CE32D	Equip Coal	Взять Уголь	
35D9C9B5433D6E9AE9C606A44866DDC1	Equip Match	Взять Спичку	
8C18F00143DD2F0E7519EB91059A644E	Equip Matchlock	Экипировать Огниво	
A786A2E44CD58E1265AACD9654FB923A	Equip Matchlock	Экипировать Огниво	
FA69F88C4F7A48F769041980B4321F8E	Equip or unequip Matchlock.	Экипируйте или уберите Огниво.	
128A035B40C669DD6C434C8B52752F20	Escape	Побег	
B71EF39748430D78E6D90AA5113256FC	Escape	Побег	
097D07614B3DD49B84B1F9870908D88B	Even after the end, life went on.	Даже после конца жизнь продолжалась.	
5B1282964016CA3E6E58D6BBF1743319	Exactly my point!	Именно это я и имею в виду!	
855D4C254BA4C715DA9861ABA32EFCE9	Exactly my point!	Именно это я и имею в виду!	
9CDCF7D140247988DD07E5920195E056	Executive Producer	Исполнительный Продюсер	
1C93DA8346E76D865FC6AD955EE0867C	Exit	Выход	
2F47CA034E9AA3D9877E3CA6247CF4BD	Exit	Выход	
E5EED61445E3CCD5F56DB1B81108AA26	Exp. Fog NOT SET	Exp. Fog NOT SET	
6C50B7EE4B9783318C8535933147FB4F	Eyes, eyes, ever watchful!	Глаза, глаза, вечно наблюдающие!	
F8C89884466F68EB586A3AA3C441251E	Fabian Grabarczyk	Fabian Grabarczyk	
759510F24A5B5ADE3107F986AEF64145	Fabio Lauretti	Fabio Lauretti	
BFEAC0304AA643327B6EBA925E1298EC	Faces behind faces...!	Лица за лицами...!	
A3ECDB394E497592E68DB08C0C431336	Failed to find headset...	Не удалось обнаружить VR-гарнитуру...	
EFFAB21B4F3AE21AA58820B8B857AA7F	Failure after failure they keep coming back.	Всё новые и новые неудачи, а они всё лезут напролом.	
C293D0274A18F245C48D969C32A3946C	Far away from home. (Listen to the story inside Housy.)	Вдали от дома. (Послушайте историю внутри Избушки.)	
A6982234456FDD7F1CF94E8D94C84778	Fare thee well now, Burnt One.	Прощай же, Обожжённый.	
CB62CDA84E381406BF6B899F9721A050	Fare thee well, and take good care of your flame…	Прощай, и хорошо заботься о своём пламени...	
DED0F73246C6C61BD57A40ACE5E08E4B	Fast Travel Games	Fast Travel Games	
0491DC544E70FCF19D82578F396AB357	Father!	Отец!	
FD94F71A424F250AF37E8B85EB8CDD4D	Father, make me a princess.	Отец, сделай меня принцессой.	
4B745E1848CE75CD64F6BFBB033DEE02	Father, pick me!	Отец, выбери меня!	
F7A55AC3478C3490B5846495B11425A8	Father, please!	Отец, пожалуйста!	
7E0C2A16481FA6CF6B3C1BB8288F5B67	Father, why?	Отец, почему?	
F02B93614C5DE6D544CCCC82AC11D86A	Father, why?	Отец, почему?	
8ED5F4B84F95C2390AB9D9A0016FE46E	Father.	Отец.	
2D0F1A8247976EC978A6E1BA73A63619	Father...!	Отец...!	
CE631CF24302FCA3F03A339ADD59CBFA	Father...!	Отец...!	
ACA790904D5EF9711E910CB97A8E82A3	Feed	Скормить	
9AB1E6264A1DEF615D7CDA955D832852	Feed the thief to the furnace!	Скормите воровку печи!	
CB964AB04233DD53F3B6CC80877D8CCC	Female Headlings	Женщины Головлинги	
04416AD44F6A7C5A9026A6866215E5C7	Fernando Leal	Fernando Leal	
F7A490DA47E80629431858B55993EF4A	Find it in:	Можно найти в:	
164440B546FC52EB45E151A16650A1AC	Find its home, wontcha?	Найди его дом, ладно?	
5B3665DF4D3AA7FC44E2DD961A7409D9	Find the clay head.	Найди глиняную голову.	
1DB79D804BF421DCD34903A2510D3D54	Fire up the forbidden projectors!	Зажгите запретные проекторы!	
7F66BBEB4A493BCA5D8B7D863D65828A	Fire up these dusty murals in the right order and	Зажги эти пыльные фрески в правильном порядке и	
98C8A0584E8D889B08B62887AD5979BD	Fire will tell…	Огонь расскажет...	
1626E4F0424588749CF00D9FACB26D2F	Fire!	Огонь!	
1FB106294E9AEB74F516B98242B937FB	Fire!	Огонь!	
2EB0812548C6458B78AB998C12CA7058	Fire, fire	Огонь, огонь	
CB9ECF7C42821FEAB688418305EBC34C	Fire...!	Огонь...!	
5A21A380439D2A3D9F8767B515FBFE28	Fire? Hah!	Огонь? Хах!	
F8DE88C0445130D54A5BBDA53798375A	Fire’s back on the menu, crows...	Огонь снова в меню, вороны...	
1D6F634C467AB1BB584D4CB2761C2B8E	Fire… the skull needs fire…!	Огонь... черепу нужен огонь...!	
89F90C844753D927EFC76F861F141123	Focus on the eye and close your eyes	Сосредоточься на глазе и сомкни свои веки	
653727C8489F170F9099AB8D4C7B6BB4	Focus on the eye symbol and close your eyes.	Сосредоточься на символе глаза и сомкни свои веки.	
F937C55C40C0B9D1714CA787887143FB	Focus on the eye symbol and close your eyes.	Сосредоточься на символе глаза и сомкни свои веки.	
78EC9EDD47BF7A0ADA5FA383FD0FAF0D	Focus on the eye symbols and close your eyes.	Сосредоточивайтесь на символах глаза и закрывайте свои глаза.	
7E76A0A644FC071CB7FAE9B71375E0B1	Follow the fire...	Следуй за огнём...	
6D806E124D4C4B3CAF2C29AC8C359420	Follow the…! The... the matches…	Следуйте за...! За... спичками...	
0592B08247D1E0C02055339429655E9A	For lack of reason.	Без всякой на то причины.	
AE47892A493A38666CBAEFBBA20C6A83	For lack of reason.	Без всякой на то причины.	
08F20DFF435DEE5357BDD9B6309429D5	For those who keep fire in their heart.	Для тех, кто хранит огонь в сердце.	
B8C56B86497E3753291B66A57329F2DD	For those who keep fire in their heart.	Для тех, кто хранит огонь в сердце.	
AD28A25A41917515178BC983072D0063	For time immemorial, the Molgrims had lived in the valley in peace	С незапамятных времён Молгримы жили в долине в умиротворении	
EF08C2B443D45EA2F48956808200FAE2	Forbidden!	Недопустимо!	
FE64C32E402911F612201CB096DC1371	Forever princess...	Навечно принцесса...	
BFAFAFC049D059147514F9B385A0DA48	Forever!	Навечно!	
64A8E0BF42579D98C4D70EBD5C639A24	Four gramophone poems by	Четыре граммофонных поэмы от	
40DC5FBF436FD705D5529E83CAA67CEE	Franchesca Thwaites	Franchesca Thwaites	
1C0DF0D24D464889B7BF72BCF3EDBF39	French Translation	Перевод на Французский	
12FD2CB1413B5A6AE426178F1A9ADA1A	Frida Sköld	Frida Sköld	
5B9152C1496F2636F30D538D1C27EB8A	From the Dark Itself, in exchange for fire.	От Самой Тьмы, в обмен на огонь.	
2DA5096D4441B25E3FD4EBA44646A5C1	Funny thing about the Walk...	Забавная вещь насчёт Тропы...	
D740507D463AB859F80B28A688EEDD3C	Furnace.	Печь.	
3C7604A842BCBED14056FBB605A4930A	Furnace’s gettin’ weak. Council says we’re runnin’ outta matches.	Печь слабеет. Совет говорит, что у нас заканчиваются спички.	
42285A7945880C47ADD17F832B50D353	Gabriel Barbosa	Gabriel Barbosa	
18B67CB74E1020389EAF93A2B3C37820	Gas Engines	Газовые двигатели	
DBDA66344E3CBAF2BFE9EF82FB96B77B	Gas Engines need to leak gas, before they can be lit with fire.	Газовые двигатели должны выпустить газ, прежде чем их можно будет зажечь.	
D67F00D041636E51BFCDF28FED3FA34C	Geng Niankun	Geng Niankun	
7EDCB465422A4FB8D8A1CE8889B908E4	German Translation	Перевод на Немецкий	
7525725D4B800E9ABA98499E9612380C	Get bent, limb tree!	Пошёл ты, сучковатое дерево!	
D400737A4BEFBDD1C153F98C88B0745F	Get me out of this neck-hole, please!	Вытащи меня из этой шейной дыры, пожалуйста!	
06C6711647F7F781D8E1FDBEB9ADF95F	Get out of here!	Убирайся отсюда!	
2AA664E54B1D5360329762B85016C380	Get some rest.	Отдохни немного.	
48012A184888DEC079A7CEBB8A194DB9	Ghost Blanket	Призрачное одеяло	
A4D80CAB4C3C8934A8FEB9BB9F9FB3FB	Give it back!	Верни её!	
47A87C1A41DCB66F7119DD97BC73E0B8	Go on in, then.	Заходи же.	
9EF3E6184F782A71C73F4C900E08BF03	Go that way.	Иди в ту сторону.	
3179FF484B7D196EA5D91991728F673C	Go with your lantern...	Иди со своим фонарём...	
09C6CB4E4A74AD89ECEB949C06D532CE	Good luck now...	А теперь желаю удачи...	
882E07014B8C2574B1F2CE8BF2F9F31F	Good to see a flame in these parts again… (Clears his throat)	Приятно снова видеть пламя в этих краях... (Прочищает горло)	
D0E5C1344124DCBC5D149AAE7858F84F	Goodbye...	Прощай...	
3EDC361F4A10FCA30950318A5FF8D38F	Gotcha, bird!	Попалась, птица!	
F25061B04DFC6E3110DDDEADBC651532	Gotcha...! (Growls)	Попался...! (Рычит)	
5B82075E43910676447F80991ADEAF55	Grab	Схватить	
8235FFA742AD34F19737E69F37628322	Grab Left	Схватить левой	
137CB3CC4A1A57FE951612A13F167399	Grab Right	Схватить правой	
82FD93354757809224B994A24CC51CA1	Grab Right	Схватить правой	
6DC9E5FF4072752C43BD19B996393F55	Grasping for something since long out of reach, these bones want to be laid to rest in the grave of the thief.	Цепляясь за нечто давно недостижимое, эти кости хотят быть упокоены в могиле воровки.	
A2C8E836437B584761783EA32F8D7767	Grateful for her unconditional kindness	Благодарная за её безусловную доброту	
534E5B67409003DD3EAC1DA058E98830	Greg Rice	Greg Rice	
7AF95F6C483C5E33371CBEB2762A4CC6	Gräns	Gräns (Граница)	
BBE0876244996A76FE0FCA870BEBC7F2	HMD Lock	Блокировка VR-гарнитуры	
A98423B34077B1FB1711E7929EFC1612	Had her journey been for naught? Would she ever feel the rays of the sun again,	Неужели её путешествие было напрасным? Почувствует ли она когда-нибудь снова лучи солнца,	
26731E1D495C0161CB134EBA94D7E258	Hah!	Ха!	
A80F2FFD42E39A30DF4323873EEEB982	Hannes Rhodin	Hannes Rhodin	
2B3DDE3147AD03D11344B0A00F3FC44F	Hard to tell without a sun, isn’t it...?	Трудно сказать без солнца, не так ли...?	
326A65894D5FEFDEC569CF946115013F	Hark!	Внемли!	
60C29DFA48C3384B251D589E4C92596F	Hark!	Внемли!	
83690A524A7CD764D69E599282FC3D30	Hark! Your fire is dying...	Внемли! Твой огонь умирает...	
6296E278468BAB4C073FE79D414695E4	Has it told you it ran away from its owners?	Она сказала тебе, что сбежала от своих хозяев?	
B3EA3AF24E469FF9128E58B2467B8D52	Have you seen the Grinners? Their legs so many...	Ты видел Оскальников? У них столь много ног...	
EC036D2549AEDF56E065D4B8C91DBD1D	Have you seen the Grinners? Their legs so many...	Ты видел Оскальников? У них столь много ног...	
900087CB4C53AFBBBE9A3D805671B1E6	He builds, and breaks, and builds…	Он строит, и ломает, и созидает...	
72A15CA748A38CA20E67EBB4638E3AF2	He carries the shame of us all!	Он несёт наш позор!	
9BF9A9B34C1B0ED530D30F855D64DE53	He cursed whoever was on the other boat, but	Он проклял того, кто был в другой лодке, но	
A8E03FAA4CC6DCA30582AC845F2B79B8	He didn’t know it was her…	Он не знал, что это была она...	
C124D2CA486C1D61BAF34BAC3803C1B6	He didn’t know it was her… Otherwise he’d kept it secret.	Он не знал, что это была она... Иначе он бы сохранил это в тайне.	
8EBA55474892DEBE7BC1418CC2133563	He had shimmering scales, an appetite for life,	У него были мерцающие чешуйки, жажда жизни,	
C41E1A1542FBB62379F64CBA27E3FCEA	He is mighty, no question about it, but between you and me…	Он могуч, без сомнения, но между нами...	
E233A5434606E06BE7AB44A68A121075	He just wasn’t ready to go!	Он просто не был готов уйти!	
C2C9CE8A4D037454141805BFB3D05823	He keeps a banjo by his side, but he never plays it.	Он держит банджо при себе, но никогда на нём не играет.	
15BF1F5044281D538E5323BF0088287C	He needs to see it.	Ему нужно это увидеть.	
4C6C8ECA46B834AE895DA89D75D1AE2A	He won't love us.	Он не полюбит нас.	
3813552F4789BE87C8DE0AB9A5C1D941	He won't love us...	Он не полюбит нас...	
3C6267AC4307DD04D70F4D8C78F4AA76	Head my words, the Molgrim will get you!	Прими мои слова к сведению, Молгрим схватит тебя!	
4B55F24E431708093A86F283C990C9BB	Head of Publishing	Руководитель Издательского Отдела	
8DC2AFA24AA890EC90EECDB77537D225	Head on out before Heads change their minds about you…	Отправляйся, пока Головы не передумали насчёт тебя...	
72E0105C45335385CC5F22A3D713C4C9	Head on out.	Головой вперёд.	
4C24DEED40B64BB010CA72A43DAEABDD	Headmaster I	Главноголов I	
546F76914F01EDA5DA0154BF7FEBE6AA	Headmaster II	Главноголов II	
7C8D394241F53BB166750FB6438EDCA8	Heads up!	Выше голову!	
CC254F8F447C0F91C9BC88934B1CAC88	Heads up!	Выше голову!	
800BCCE84524E789E28C5795966B7F48	Headwig	Башковица	
9AFE268F48E6A5F552F1D1ABAFEA7647	Hear through your ears.	Внимай своими ушами.	
FCB4A39B4440A4DF4144159B899B5C73	Heat up the Furnace, so we can rest.	Растопи Печь, чтобы мы могли отдохнуть.	
29E8493C4B4C7457EC6E089C8696A078	Hedy Ji	Hedy Ji	
E2AAD1B744EE9EA0FFB714BFBE50C040	Heewan Shin	Heewan Shin	
15B57F2F41264F886AB35298603AFD77	Heimer Ahnfelt	Heimer Ahnfelt	
4188319E44418AEACC3F7DA4292ED933	Hello	Привет	
DA5F76764805034E3077A1A4D733351B	Hello mother. The Well said to give it a match	Здравствуй, мама. Колодец сказал дать ему спичку	
5E95EA9D431ADE6579A8EBAF6FD788C7	Help her escape this place! The headless body at the edge of the swamps awaits her…	Помоги ей сбежать из этого места! Безголовое тело на краю болот ждёт её...	
3ED3757A47E340AC2D5757BB61DD7D79	Her eyes are on us now; like a vulture she waits,	Её глаза теперь следят за нами; ждёт словно стервятник,	
FE90E5E641604F740C24FDB53E3C2C60	Here to-- here to set us on fire?!	Ты здесь, чтобы-- чтобы поджечь нас?!	
D96D64EB409095DFFCC5F1B459360475	Here you can find, inspect, and listen to all your collected items. Take a proper gander!	Здесь вы можете найти, изучить и прослушать все собранные предметы. Осмотритесь как следует!	
5F57D8934663604D11912DB7F8ABE619	Here you go, Somebody.	Вот, держи, Тело-век.	
EFBC523747EA1DAD5D22C38D9E9829DF	Here, take this!	Вот, возьми это!	
B36D7C6E46C617A57F2E8986F169EF18	Here...	Сюда...	
0DE557444C4CD4C4CD69D1B71B6457C1	Hey hey	Эй, эй	
87751A19470553195EC7FA87D7B521E4	Hey, I’d almost forgotten how it felt…	Эй, я почти забыл, каково это...	
D1773CDB4EB1815A6D7DB7A78595A94D	Hey, thanks. You’re a great listener, you know that?	Эй, спасибо. Ты отличный слушаетель, знаешь это?	
E8AE357B4F98F4A116BBF49F9189E1C6	He’s got all the time in the world.	У него полно времени.	
ECA202BC4A862A7999F592825931B241	Hide from monsters in wardrobes.	Прячьтесь от монстров в шкафах.	
283CF6304C1A6219BE7656A106998B3D	Hide from the Molgrim in burrows.	Прячьтесь от Молгрима в норах.	
D7466BC449B9CD037F333688F037DA7B	Hightened Senses	Обострённые Чувства	
11956CC145304E71CE5D24A6469E0859	Hint.	Подсказка.	
2233AFF94368F1885FDB7384738C18DE	Hint.	Подсказка.	
9A28610E495FA359ED9409BEA1B46B43	Hint.	Подсказка.	
1E16574F4C96D28037B89797D5502D19	His Fire belongs to the Mountain.	Его Огонь принадлежит Горе.	
8F5A9B3A42CDAE652B464C83DB513692	His Princess danced, danced away	Его Принцесса танцевала, танцевала без устали	
236F90AE487ADBC47E099DB204A86489	Hm... That ain’t no place for a bone.	Хм... Это не место для кости.	
CB70F3EC4596B98181AED1B17B7D12EC	Hngh, this body is so uncomfortable...!	Нгх, это тело такое неудобное...!	
E84109424BF36CAD524A3D898DD1DBDC	Hngh, this body is so uncomfortable...!	Нгх, это тело такое неудобное...!	
9C7549CC411231AC6941778BFD1DAA05	Hngh… What’s...? Uh...	Нгх... Что...? Эм...	
CF8B71DF47FAAE9D7E357E96BDDDEE1D	Hngh… What’s...? Uh...	Нгх... Что...? Эм...	
73D474554C99C36DB8203B9425F1D88D	Hold To Skip  	Удерживайте для пропуска	
5602C6B447FE757C79E7FDA2043FEAE2	Hold to charge, release to shoot!	Удерживайте для заряда, отпустите для выстрела!	
1DE93BCD41A1C45F87D7B9B636826468	Holster	Кобура	
6582AD6D4EB7EEAA7371038F2E6EC525	HolsterTemp	HolsterTemp	
7207CAAE4C61305210348E8F91C34B1E	Home is where the heart is, but when your home grows a pair of legs and takes a hike, home can be just about anywhere.	Дом там, где сердце, но, когда твой дом обзаводится парой ног и пускается в путь, домом может стать практически любое место.	
E0F67CB64310CB172DA9628066A517E1	Home is where the heart is, but when your home grows a pair of legs and takes a hike, home can be just about anywhere.	Дом там, где сердце, но, когда твой дом обзаводится парой ног и пускается в путь, домом может стать практически любое место.	
544D9F8D403657E13414CA84C07B1B2F	Hoot!	Ух!	
0D4EFBF14B18F5068F615C94095E3A0F	Hoot! Good evening. Or is it morning, or afternoon?	Ух! Добрый вечер. Или сейчас утро, или день?	
E3D05FD145B6BBC7EF5C0984118B89B4	Hoot! How far you have come!	Ух! Как далеко ты зашёл!	
6615BFC74941B306D713B89DFB00B692	Hope the Heads didn’t give you too much trouble…	Надеюсь, Головы не доставили тебе слишком много хлопот...	
6043593F46ABD05B520CBA9C54BC0B96	Houses have no imagination!	У домов нет воображения!	
C425D3D646A4A0E27E2095B87DA75FA7	Houses have no imagination!	У домов нет воображения!	
629248F34D1685E8D17A8D97F230B01F	Housy the House	Избушка-Дом	
C1D071D944C839904FA5C5AC711DBE1D	Housy the House	Избушка-Дом	
519C25484BDF90121226A59EADD4B29C	Housy was its name, bless its soul.	Избушка было её имя, благослови её душу.	
6B8A74594B802E2770123EBBD72EC72B	Housy was its name, bless its soul.	Избушка было её имя, благослови её душу.	
2EF3B6764EA8BBF6947732AAA5C774D1	Housy! Didn’t see ya there.	Избушка! Не заметил тебя.	
91CEB5EE44B12035DAFAF78EAA2FB202	Housy. What a friend to have on the road, eh?	Избушка. Ну что за друг в дороге, а?	
0AECAB28451D0E871B904E8DD2F8A379	How are you? Do they have fire where you are?	Как ты? У вас там есть огонь?	
7DDB3E9845BA2672BA9CBC914BCB4990	How beautiful... how tantalizing!	Как прекрасно... как маняще!	
53849566486C648FFEC24E940CD16588	How could this happen?! Whoever did this, ooOhh...	Как это могло случиться?! Кто бы это ни сделал, о-о-Ох-х...	
C09BC61E45087CD4F2DEBA88FC5F43ED	How does that even scientifically work?!!	Как это вообще может работать с научной точки зрения?!!	
1480A6734E1C9164783250A4E776A4D0	How rare! A little 'pot boy'.	"Какая редкость! Маленький ""мальчик горшочек""."	
B8CF0DFB41FA805449568C893FE3E213	How will I ever forgive my body?	Смогу ли я когда-нибудь простить своё тело?	
07EFD1E145A9D308A422CDB88E6A283D	How will we warm the furnace?!	Как мы согреем печь?!	
E9FB9E0E4BF6159FC1E0948381755E83	Howdy-do?	Как поживаешь?	
480BDBED4278635269DFED815BE91A6F	Hrefna Lind Einarsdóttir	Hrefna Lind Einarsdóttir 	
368D82584650CA6DC9BFF2A0BB5EEDEE	Huh. It’s just... gone...!	Хм. Оно просто... исчезло...!	
8590D0224BEAC42CA25B52891853B69D	Huh… There was so much anger.	Хах... Там было столько злости.	
AFD738BA4ED9A1CB7AF82BBEB81E301D	Huh… There was so much anger.	Хах... Там было столько злости.	
7D80C7334B16E28EAEB47588B702E706	Hurrmm...	Хррмм...	
0909EDCB466C83FB0AEAF3BD33ACE62E	Hurry now, go catch up with your little spark	Поторопись, догони свою искорку	
1F429CE647DA5EC7DF2647B2FBC11431	Hush, no talking in the theatre, fools!	Тише, никаких разговоров в театре, глупцы!	
947748804D5DB6ED835BC090649F3AD6	I am never gonna come out again, no sir… In here it’s just me;	Я никогда больше не выйду, нет уж... Здесь только я:	
E8A02A124520411D98C9D788700F3BC0	I ask, pray, beg for silence of the dead, but what does darkness give?	Я прошу, молю, умоляю о мёртвой тишине, но что даёт тьма?	
1085AA6040FEF6CFC03ED69E8147CBC0	I beg of you!	Я умоляю тебя!	
6A4F9D384DA6E19AEF7D95BE7D29EC30	I can see everything, clear as day.	Я вижу всё так же ясно, как днём.	
39C64DB14CAEA6B1C1B6D29B710ED5BC	I can see just fine in the dark. In the dark	Я прекрасно вижу в темноте. В темноте	
8A88698241496E06742FD28CAB1D44FA	I can’t feel anything...	Я ничего не чувствую...	
557D370948A31B5D0140D4B86FE8772E	I can’t feel my hands.	Я не чувствую своих рук.	
62398525456B439DAC4E0F86973AA98E	I can’t take this tension much longer!	Я больше не вынесу этого напряжения!	
8A56490C42CCBF5C463B78BBE59DE618	I can’t take this tension much longer!	Я больше не вынесу этого напряжения!	
52E088884ED78CDCC25D3D8E6C8BE491	I can’t, can’t move, can’t do what I used to… but you,	Я не могу, не могу двигаться, не могу делать то, что мог раньше... но ты,	
0E37229B4F526DE256F1628ED799CA35	I could wear it better.	На мне бы это смотрелось лучше.	
27D9B5194FBE57AFC0ED0BA20143B960	I deserve the crown!	Я заслуживаю корону!	
9CCADC03475483D8EEE21E941A54C8BA	I didn’t guide it - it dragged me along for the ride...!	Я не направляла его - оно тащило меня за собой...!	
F9C718F045B599D3EB0E378CA5688902	I don't know if I'm ready to be a Somebody again...	Я не знаю, готова ли я снова стать Тело-веком...	
8205468C49A56F28FCF0868E4ECE7463	I don't know...	Я не знаю...	
8B1EDEA7470F16A35EC22E9CC9D93EB0	I don’t know if I’m ready to be a Somebody again...	Я не знаю, готова ли я снова стать Тело-веком...	
7C90605B47709CF6C28C2EA99F14EEBA	I don’t know what I thought would happen.	Я не знаю, чего я ожидал.	
B9AB97284A250E7CF1F20E8B9BA2C2F3	I don’t like it… losin’ the forest like this.	Мне это не нравится... потерять лес — вот так.	
627CBD5C4FC2AC346F73558F10C85406	I feel a strange warmth... but just as coal runs deep in the earth,	Я чувствую странное тепло... но подобно тому, как уголь залегает глубоко в земле,	
18CC34B844326F19B2C2648ACD8DA390	I figured that’s just how I always feel, and my worries seldom come true.	Я решил, что обычно так я себя и чувствую, а мои тревоги редко оправдываются.	
09D8206246D29B6F8E51988A10589B0E	I followed it, for a long, long time. Would the road ever end?	Я следовала за ним долгое, долгое время. Закончится ли когда-нибудь дорога?	
C5E127DF49424D08AB16FC8D84DB3C8D	I found this stick and I'm keepin' it...	Я нашёл эту палку и оставлю её себе...	
26B70436499C71760BF3919EDCDBC8B8	I give it freely.	Я отдаю её добровольно.	
8C6ECDDF441EAFB09E64DD943AC0CBCD	I got no better stick than this stick	У меня нет палки лучше, чем эта палка	
70C994954B3018B224417B9C1E76474A	I gotta workshop this one some more...	Мне нужно ещё поработать над этим...	
7505C64842BE7C1B94AED69C41861F35	I guess I'm the Headmaster now.	Полагаю, теперь я Главноголов.	
E3DF4A3348E751018B59BFAABF90FB40	I guess you gotta lose your head before you find…	Думаю, тебе нужно потерять голову, прежде чем получится найти...	
1856B83A455A6E6312E6378BFF1C811C	I had a flame once. It was beautiful and bright,	У меня однажды было пламя. Оно было прекрасным и ярким,	
A2AC2A824DD8FC957D32AA9EFF962DE8	I had this wretched gut feeling like something was up,	У меня было это отвратительное предчувствие, будто что-то не так,	
7DFF5C24442FD42132704E9CC0C3A714	I hate hiking!!	Я ненавижу прогулки!!	
7BE943DB49BD63D3D0F85CA6A7BB33DD	I have the Molgrim’s cauldron shard just waiting to be yours...!	У меня есть осколок котла Молгрима, который только и ждёт, чтобы стать твоим...!	
E08E64B241BB185AF6B54BA75A75494F	I have to surrender…	Я должен сдаться...	
3E1EED844885FEF3D72E7886D9B4431B	I hear you messing around...!	Я слышу, как ты возишься...!	
C29F1B974F6297ECFD49BF918D9D8E04	I hope my body can forgive me…	Надеюсь, моё тело сможет простить меня...	
3DC9D69746B6C29A3D2154850FEA6BE1	I hope that, tonight, you caught a glimpse of it.	Надеюсь, что сегодня ночью ты мельком увидел это.	
78AA5BFE476E7C583F3EF3BFCE08F031	I know I... captured it once, in a melody-keepin' head of clay	Я знаю, что... однажды я запечатлел её, в хранящей мелодию глиняной голове	
8D9CFEF54C9F65BEDD2931B4B3EDF5D1	I know he loves you still.	Я знаю, он всё ещё любит тебя.	
6261A802470BC103297C578813914A3C	I know the thief was to blame but… she was just a child.	Я знаю, что воровка была виновата, но... она была всего лишь ребёнком.	
1B5A5E5345E6D5FF3F3AEBA886119869	I lost my way again...	Я снова сбился с пути...	
3853F1B94EA004003274748F1DB617A8	I love you… still. (Shudders)	Я люблю тебя... до сих пор. (Вздрагивает)	
534C50C1479340174FB2BDAB53CE510B	I mean... isn’t this just...	Я имею в виду... разве это не просто...	
02F2F92C496BFE65ECA0CF8CE7464B70	I mean… isn’t this just…	Я имею в виду... разве это не просто...	
9A8EB68B46C8430D759ACC80DE5B671F	I need it to... ferment me, season my soul.	Мне нужно, чтобы оно... взбодрило меня, приправило мою душу.	
CC77536745BDD537797840BEC3C44D2D	I ran; tried to chase it, grab the key and - when I did	Я побежала; попыталась догнать его, схватить ключ и — когда я это сделала	
1C9654EC40FC37A84C431483197A85E6	I reckon you must be headed for Moon Mountain!	Полагаю, ты должно быть направляешься к Лунной горе!	
FCAD0B1249E86E08C86E259D5B2701A5	I see you! Not a crawl closer, Moonbird!	Я вижу тебя! Ни ползком ближе, Лунокрыл!	
EC2789E543501FD03D1AFEBF9F064793	I shall graysh... grass... greyshoushly let you pass through Nobodyville.	Я любессс... любес... любезнейше позволю тебе пройти через Бестеловилль.	
D89EBD67413F1AC949327694A9BEBC3E	I think this body business will be good for us Heads in the long run!	Думаю, эта затея с телами в конце концов сослужит нам, Головам, добрую службу!	
8DBBD9434BD834E9FB09FF9CE7805E26	I think you should talk to him again, I know it doesn’t seem like it but...	Думаю, тебе стоит снова поговорить с ним, я знаю, так не кажется, но...	
BD2F9487498C0BD3489DD0B2F553F608	I thought it could maybe buy me some kind of ticket away from…	Я думала, это поможет купить мне подобие билета прочь от...	
D3AAFA2B45BAD575C171C29B9BAF9CAA	I thought we’d just punish her…	Я думала, мы просто накажем её...	
A7FE715D41C6C547BD20E7B4BC17AF0F	I threw the head back into the lake	Я бросил голову обратно в озеро	
D7B3E2E24BF32C3965D3CDAAC4C576BD	I trappan	I trappan (На лестнице)	
BAE5D2864804DC13BDCE7DAEE223595B	I trust you make up for in walk.	Но, полагаю, в делах ты красноречив.	
AFC564054E8A4B606A36E3951CB0AD33	I trust you’re not pushing that lil’ flame o’ yours too hard?	Надеюсь, ты не требуешь от своего огонька слишком многого?	
0BEADD1F419AA53AFD8E9BAF8342D068	I used to be afraid of the dark	Раньше я боялась темноты	
A0B5F6444A9FBDD41F71AA84C95FFDF4	I used to be afraid of the dark	Раньше я боялась темноты	
864DCDD14DC788CE2305BD80ADF5CAFF	I want. I... want...	Я хочу. Я... хочу...	
A856E7ED451F010B8400CBA31982324C	I was mad. So very mad...	Я был в бешенстве. В столь сильном…	
821ED26C4C1CC365FFA5909A0EE423ED	I was sawing myself out of it!	Я выпиливал себя из него!	
B3C358CA4876747656AB75AE38AAD587	I will rain fire upon your greedy shadow!	Я обрушу огонь на твою жадную тень!	
6180541145C4BEFD0BC8489C86C67831	I wish I was the first.	Хотела бы я быть первой.	
14D3E49A4C34FF977C0D398A35F4CA26	I wish...	Я желаю...	
56D2BC28403BEF3E6F6B2CAEBEF8E063	I wonder if, one day, someone will hear my echo.	Интересно, услышит ли кто-нибудь однажды моё эхо.	
E38B1CE645F74657E8ACE7B2721A962A	I wonder if, one day, someone will hear my echo.	Интересно, услышит ли кто-нибудь однажды моё эхо.	
BDF38FA14E1714573B297591E813BAD5	I'm keepin' it! Oh, look at this stick, I love this stick	Я оставлю её себе! О, посмотри на эту палку, я люблю эту палку	
C8ECBF684EE59BC0C907A0BA9BDBA494	I... want. I want.	Я... хочу. Я хочу.	
30A9BC5C4EB8ABE1150610B27716F286	If I could just hear that lullaby one last time I know I...	Если бы я только мог услышать эту колыбельную в последний раз, я знаю, я...	
71E88076416A1B66B66DF78DB0A47DDE	If I had a heart I’d feel great shame for what we did...	Если бы у меня было сердце, я испытывал бы непомерный стыд за то, что мы сделали...	
D99D789B4432CC7CAA80FD966290BEC6	If only a little rock-picking Murkle could know, that the seemingly tiny stars were in fact thousands upon thousands of suns.	Если бы только маленькая Мёркл, собирающая камешки, могла знать, что кажущиеся крошечными звёзды на самом деле — тысячи и тысячи солнц.	
76A8AEFD4EEA0107FCD5EC9B949CD6FE	If this is the end, then why am I?	Если это конец, то почему я существую?	
CC3B8BEA4995E895ADB387911EB49AAC	If this is the end... then why am I?	Если это конец... то почему я существую?	
1A38BE2D4A253C347B5BF28DCA3E7BBD	If you ever need help relieving it of your body	Если тебе когда-нибудь понадобится помощь в избавлении от твоего тела	
F01A3F044133A485879FACBB2639672C	If you light them all, then maybe...	Если ты зажжёшь их все, тогда, возможно...	
54D51E264723EBB7E07B3985DA965D51	If you’d just… take me to the outskirts	Если бы ты только... отвёл меня на окраины	
EF602EAA44684F1F6B1E1285C2BD985F	If you’d just… take me to the outskirts	Если бы ты только... отвёл меня на окраины	
837CDFF4477ECBF175D930A8D4C4B6EF	If...	Если...	
1124EA234C66448B59FF62BE0C90BB39	In her bony little hands - a lit match. 'What do you think of my star?'	"В её костлявеньких маленьких ручках — зажжённая спичка. ""Что ты думаешь о моей звезде?"""	
BB5227E742F4DE62871FB3AC5AB844FB	In his desperation to regain control, he made an attempt	В своём отчаянном стремлении вернуть контроль, он предпринял попытку	
2D71E290413581F0876E8583445A0098	In its bright flames, she could glimpse a dark future.	В её ярких пламенах она могла мельком увидеть тёмное будущее.	
85597EF741A6B35F24B76B840645E3AC	In life I didn’t mind a little loneliness, but this is the worst!	При жизни я не противился небольшому одиночеству, но это — кошмар!	
A7024F614FA598419583B39E66780382	In the beginning there was the dark, the road and the Soulfisher - playing his banjo. Or so they say.	В начале была тьма, дорога и Ловец душ — играющий на своём банджо. Так, по крайней мере, говорят.	
A66A05B04D4E7C5509626D8D5838399B	In the closing nights of this era, a wandering flame...	В последние ночи этой эпохи, блуждающее пламя...	
8DD5792E4D5A87DCE470A3A37B6F86CB	In the end, all there’s left to follow is your own heart.	В конце концов, всё, за чем остаётся следовать — это твоё собственное сердце.	
DA1F1BDF4F9A687A6E952DBB60884046	In the end… the Dark remains a mystery,	В конце концов... Тьма остаётся тайной,	
7B8803E449C7F202381427A554DE365B	In the midst of darkness, lo and behold,	Посреди тьмы, о чудо,	
31EE348B4DAA48F013F5318B45446E70	In the valley of candles, what will you do with your fire? / The fire longs to be free.	В долине свечей, что ты сделаешь со своим огнём? / Огонь жаждет быть свободным.	
8B19DD6840D72A4F26D09A9C0E71B472	In the woods... where the wild things rest.	В лесах... где отдыхают дикие существа.	
37782F264C40876E6922F3B39EEAABDD	Influencer Marketing Manager	Менеджер по Маркетингу Влиятельных Лиц	
1AD9D4F64C1C60E1CFF78D9C16E448D1	Interact	Взаимодействовать	
BD567F3B49D360328BAD7A954898D92C	Interact	Взаимодействовать	
2BEA99AB4D706A14DF97BA9D030A0AFE	Interact	Взаимодействовать	
D6D45A324EE0E6428D5EBD9568A49199	Interact when player is in a cinematic	Взаимодействовать, когда игрок в ролике	
F538096D4C9910B344B2E88169A397F6	Intermediate Game Designer	Промежуточный Геймдизайнер	
97E1F2A14466043AB7982C92E068E503	Intriguing...	Интригующе...	
758AD33B4E859D43AB380D8ED4F27A31	Inventory	Пожитки	
CAED07F847DD3E672334EAA05289FBC2	Inventory	Пожитки	
D65CBE9840ACC7800B0299A8D1D5A1F9	Inventory	Пожитки	
F024097C481052EA5F3278A0985E8DCD	Inventory Empty	Пожитки отсутствуют	
DC86BBE54038E0F3EC8DF2B23A544310	Irmelin Remdahl Emtinger	Irmelin Remdahl Emtinger	
41AB972740A7E55C9BB27BB0F68DAEE3	Is it a place for monstrosities, for fools lost in the woods?	Это место для чудовищ, для глупцов, заблудившихся в лесу?	
EB2F6E7847E9136C3B313181C5C6A36F	Is this a dream?	Это сон?	
0122DF8940EBB96EA62F32930CF9DCD4	Isabella Velasquez	Isabella Velasquez	
A4ED883C4CBB9AC68E473F8EC2B0D5A4	Isn’t that just the way.	Вот так оно и бывает.	
8E69C43840695865CC61B5B919298488	Isn’t this enough?	Разве этого недостаточно?	
766BE5884AA8A3A3CB7BECB45C7DB6BD	It bu...!	Она жж...!	
C0BAE276420EFD8E0F9FDBB312DF89F5	It bu...!	Она жж...!	
86CA17E04EE174FDC0EB6DBD3BE011DF	It burns!!!	Она жжётся!!!	
B6434F6742697535157B09BC47D4CA9B	It burns!!!	Она жжётся!!!	
015C84894C00CDACD1BBAE96DC560985	It came from beyond the moon!	Он пришёл из-за пределов луны!	
C2B2EFD14F2C4AD2A40418B3351AA8F8	It had gotten so restless it grew a pair of legs,	Она стала такой неугомонной, что отрастила пару ног,	
D6D4998047DC70E3E19EDFBD097E5DB1	It had gotten so restless it grew a pair of legs,	Она стала такой неугомонной, что отрастила пару ног,	
4493396440EC7B40AF93378F89BDC0FC	It has been an honor to watch your journey, to the Worktable's edge.	Было честью наблюдать за твоим путешествием к краю Верстака.	
F561E6AB42CBFBDAB8D989AB0611156E	It has to be out there, somewhere.	Она должна быть где-то там, вдалеке.	
722A017549AC8A8FD8B6BDAC48C53C7A	It is forbidden!	Это недопустимо!	
FAA5224D4AEC52A14F27D087BFBEF9AE	It is forbidden.	Это недопустимо.	
87BAFDC942FFFD1BD634B19BFBAC4F1A	It is happening again.	Это происходит снова.	
22EDEDEF4114009E7CA7B99EA07DE7E3	It is inevitable. We must all partake;	Это неизбежно. Мы все должны участвовать;	
3C1AEB2149590699F8A0C7857D769CB8	It is less than nothing and also more than everything!	Она меньше, чем ничто, и в то же время больше, чем всё сущее!	
84040E194F67DE91E138BBAE565C4B54	It is less than nothing and also more than everything!	Она меньше, чем ничто, и в то же время больше, чем всё сущее!	
351D7CD945C9ADD8D60225A78D5806AD	It is simply the way, the way of Fire.	Таков путь, путь Огня.	
1C515C1F470662D2ADF76F9FB271C7CF	It is told that the Molgrims were given fire from the stars themselves.	Говорят, что Молгримам был дан огонь от самих звёзд.	
54521CF341BE93CBAC2457AFF990C7BF	It is what it is.	Что есть, то есть.	
80DEE8D0491D57890C57BCBF6F5617F3	It is what it is...	Что есть, то есть...	
2886D4514CD139F43699E1B60EDA17B4	It killed us all...	Оно убило нас всех...	
23BA22D040F69423D6E35B86DE7AA2C9	It lingers... (Growls)	Она остаётся... (Рычит)	
264EBA4F4E175730389FCA9495A634E5	It longs to open something.	Он жаждет что-нибудь открыть.	
AE7C8A104E48E0F9807F1A83C625BAAE	It looked so shiny in the moonlight...	Он выглядел таким блестящим в лунном свете...	
9811131640D680EA053D01829F227858	It tried to run and it tried to hide, but now it walks home - to the grave of the thief.	Она пыталась убежать и пыталась спрятаться, но теперь идёт домой — к могиле воровки.	
7B22EBBF4EFA841CA129E79EA8BFF316	It was foretold… The return of the bodies…	Это было предсказано... Возвращение тел...	
068EC0D94E1C2A9C3CA048A50C24D1FA	It was the longest, most terrible fifteen minutes.	Это были самые долгие, самые ужасные пятнадцать минут.	
FEA81774480B9D8048D75794EA01817A	It was then that the Dark corrupted the Maker’s clay;	Именно тогда Тьма исказила глину Создателя;	
EAAADDF848B2BA1C32B192B1A3B71941	It was told that, for the being who kept fire in their heart,	Говорили, что для существа, хранящего огонь в своём сердце,	
61C1A5CA4EBABD7C7F6D748A73B729E6	It went sort of like... (Hums a lullaby)	Это было что-то вроде... (Напевает колыбельную)	
4ED4B23F4FD5AAD7EB3C668098407219	It's Headvig!	Это Башковица!	
70D0FD9D4218F95D3A3297840C7D0243	It's already there,	Оно уже там,	
C566694C4A072754F19FFFB0788C372B	It's getting more windy <cf>and harsh up here.	Здесь становится всё ветренее <cf>и безжалостнее.	
75C184D04A8A8027F109EDA0169D565E	It's just the best. I can't believe I found this stick	Она просто лучшая. Не могу поверить, что нашёл эту палку	
B07EC080490FA08849D3FF8E7FD8C63B	It's like a void - empty - but not cold	Похоже на пустоту: нет ничего, но и холода нет	
09090C5649AB13DA78004EA5A592D192	It's so heavy.	Оно такое тяжёлое.	
312041FD471E5566F217EBB864CDA0AA	It's still singing… (Growls It brings me woe.	Она всё ещё поёт... (Рычит) Она насылает на меня скорбь.	
09DF335D42CC7AFB02E2F5B1A8644FD4	It's true, they do	Правда, так оно и есть	
5D876B3242DE96D878C971AA85FCF76C	Item Added To Inventory	Предмет добавлен в пожитки	
20FFB8564792DFDB4C9CB2B0A20DB877	Item collected in	Предмет собран в	
0869879B4EEE3B254B405EA6BBE40B29	Its face...!	Его лицо...!	
F38205734ED2C7D5123293A5A54970DF	It’s Just A Match	Это просто спичка	
B7B1DA1447076C7B24308F9BA97FBAA9	It’s a real shame when you think about it, y'know?	Настоящий позор, когда задумываешься об этом, понимаешь?	
F0FE4C3E44D104C0BBDDF5845D11FEDB	It’s been waiting for the right passer-by ever since it ended up here.	Она ждала подходящего прохожего с тех пор, как оказалась здесь.	
D2601A68484C596295F189BDC3FDFD7D	It’s getting dark now. But the dark is a well of ideas,	Темнеет. Но тьма — это колодец идей,	
79C5BF61427B11482418999A00BBB728	It’s really all that matters. Don’t take my word for it…	Только это и имеет значение. Можешь не верить мне на слово...	
5EFD69114A3066C4EB8120A437FCC988	It’s them! Burn them, like they burnt our hope.	Это они! Сожгите их, как сожгли они нашу надежду.	
703CDF6B4100F2BD0450209BE90ECF54	It’s very cold. Keep close to Potboy, and fire.	Очень холодно. Держитесь поближе к Горшочку, и огню.	
79699E3944A852B11AE5878ADAAA43EA	I’d be able to move on.	Я бы смог двигаться дальше.	
AB22116F4B13E9C4C79D18833E1087B8	I’d feel great shame for what we did...	Я бы испытывал непомерный стыд за то, что мы сделали...	
E8C1D5014EE88D86958D669D0AF36041	I’d probably waste it all over again...	Я бы, вероятно, снова потратил всё впустую...	
2774CEAC45E4AE307FCC1FB0863CE697	I’d sleep outdoors and under their blinding radiance...	Я бы спала под открытым небом и под их ослепительным сиянием...	
51F01B8740984F21B9CC8DBBB0EDA20C	I’d sleep outdoors and under their blinding radiance...	Я бы спала под открытым небом и под их ослепительным сиянием...	
A09D09A04640004D9375E8821D1C933C	I’ll be your guide tonight… This Furnace here,	Я буду твоим проводником этой ночью... Эта Печь здесь,	
4849D32447DC8FEA87D35EA3C871ABBF	I’ll keep watch.	Я буду на страже.	
A9CDEE2448210E1D272000B948F37A33	I’m begging you on my bare chin	Умоляю тебя своим голым подбородком	
80B7704D4833BF5CFFF6AB8D7B48D08C	I’m growing impatient and hungry...	Я становлюсь нетерпеливым и голодным...	
0B7827DE42D31B60B705258117662A93	I’m sure you’ll be fine.	Уверен, ты справишься.	
6C60708F4C177C993C4EC099FA7A5017	I’ve had enough of ‘civilization’.	"С меня хватит ""цивилизации""."	
91D92AA7485919B5A1127390F249A326	I’ve had enough. First it was the big Molgrim hunt	С меня достаточно. Сначала была большая охота на Молгримов	
533316B64FCC227F0DBBAE97CC58F5CF	I… (Sobs) what have I done?	Я... (Рыдает) что я наделала?	
1D19303B4468151076D735B135F8C797	Jakub Piechotka	Jakub Piechotka	
55376D44448B6180F611A38919AB4FFF	Jakub Rojan-Rajkowski	Jakub Rojan-Rajkowski	
3AD5C95C485809971E80A38CFDC243EA	Jakub Wojciechowski	Jakub Wojciechowski	
1E4CAB1248ABD98D229E72A83E00C6CE	Japanese Translation	Перевод на Японский	
A65221A944D6BBD80CD0B39576F1CF2A	Jared Mosqueda	Jared Mosqueda	
06C97F8E4EBC77C363177D8AA1B250BE	Jefferson da Silva Medeiros	Jefferson da Silva Medeiros	
38F8F16C406298BF7FA9FEA0D159810D	Jesper Englin	Jesper Englin	
4946EE9B402D508731DC489698FCFE62	Ji Seung Hyuk	Ji Seung Hyuk	
9A51EF5F4879594F4928DFB2216807ED	Jiye Lee	Jiye Lee	
976CA1854BB9E8AC604D7E893D2B1682	Joel Bille	Joel Bille	
D3E5340746311BAE6B8AF8A4F7B5F97A	Joel Bille	Joel Bille	
DC598066402896EFD0C04295389D382A	Johan Juno Holm	Johan Juno Holm	
81BDDB1A4B64617BAE66FC84783453AE	Johanna Schramm Rönnlund	Johanna Schramm Rönnlund	
E71E84804DDBC1A72595DB97E1179D6F	John Smith	John Smith	
1511E91B4C45B49E925FEF895D5D5EDC	John Vega	John Vega	
F1938F904B98B811462A1690B47153D4	Jonathan Dewoon	Jonathan Dewoon	
075222C24E7A7F884BE553A5FCB903C6	Jonny Merritt	Jonny Merritt	
903942F84F462F58D6F557A3A5BCDA12	João Freire	João Freire	
221BEB534FF86D999A1B418EF97F77CF	Julia Tarach	Julia Tarach	
D523FED44225007A7E67CFBF27CB0A9C	Julio Perez Jr	Julio Perez Jr	
A945A6F34432F9F84D5D2694367AFAF7	Just like her.	Точь-в-точь как она.	
E670A7A5433CF49AA99E87A7B730EA1E	Just once. Just once...	Ещё один раз. Всего лишь раз…	
5D7918714F447C0A7D90349CB2913DB7	Just so long as you get me out of this swamp.	Лишь бы ты вытащил меня из этого болота.	
61F267F2479699E0B631699D1D2B4420	Just... take care of that shard now. Maybe	Просто... позаботься об этом осколке. Может быть	
02F2E9994C9A994C4F38968B356B0391	Justice won’t keep us warm...	Справедливость не согреет нас...	
5970AD824CC09F89174C52B0B1EEE133	Justine Lefebvre	Justine Lefebvre	
2360EF4D4E6AC199DC5970AEFFC176AF	Karen Kahler	Karen Kahler в роли	
CCD6C39941B7E93350AE8BA3308D41C9	Karin Rindevall	Karin Rindevall	
FE1A9D0E442E0CB025828F8304A55061	Karl Leino	Karl Leino	
D7BE035D49F22C63D82DB99F96347EE8	Katarzyna Czerwinska	Katarzyna Czerwinska	
0FF45C244720C7E6791E09914889FC57	Keep him nurtured and safe, and you’ll always find yourself in the right place.	Береги его, питай его и защищай, и ты всегда окажешься в нужном месте.	
1B35EE0A458F932A54B2AAB6D99762A1	Keep lighting the fuse, Burnt One...	Продолжай зажигать фитиль, Обожжённый...	
1622BD9144A4DE6A944F289DB9A112D4	Keep on walking the Midnight Walk then, Burnt One	Продолжай идти по Полуночной Тропе, Обожжённый	
17F0AF3140684156070CFD92AE49BE19	Keep on walking the Midnight Walk then, Burnt One	Продолжай идти по Полуночной Тропе, Обожжённый	
501C023540866D91C52FA2B4C57815AE	Keep on walking the Midnight Walk then, Burnt One	Продолжай идти по Полуночной Тропе, Обожжённый	
61D70630432015A3495A19BD3EE910B2	Keep on walking the Midnight Walk then, Burnt One	Продолжай идти по Полуночной Тропе, Обожжённый	
3C59BDD843972A67752E429B9F23E311	Keep that fire alive.	Поддерживай этот огонь.	
908801AC4D10BA4AD62773833A7CD260	Kei Matsumoto	Kei Matsumoto	
82AD6464433746400CF61C865B18BD8C	Kenneth Bakkelund	Kenneth Bakkelund	
D2C1D80A458026EC052143B79F5C02A5	Kenneth Bakkelund	Kenneth Bakkelund	
F6F052AB4B744CA84C22A998C21C3D2A	Kenneth Bakkelund	Kenneth Bakkelund	
85664CC14430179952CECA9820544D32	Key Critters	Ключники	
18D0BDE14F10160BAA16FAB0B91F282A	Keyboard Binding	Назначение клавиш	
03E94B3549A9E918FC49A4B59A3C7C83	Klaus Lyngeled	Klaus Lyngeled	
25602727473B002D578198ABAA0A2D74	Klaus Lyngeled	Klaus Lyngeled	
868A8B5A4F3901D2649966B073EE1FB5	Klaus Lyngeled	Klaus Lyngeled	
F6B8D8834587C4368568019A03F6DE50	Knowing not where to find the Dark Itself (everything looked pretty dark to her),	Не зная, где найти Саму Тьму (всё вокруг казалось ей довольно тёмным),	
B141F0674686951F7AE5C586D2F47E84	Korean Translation	Перевод на Корейский	
9467D72841EA13B0DEE211ACD703525D	Kyoichiro Ishiyama	Kyoichiro Ishiyama	
2745002A47FCDC5BD52379B5579D3E29	Köket	Köket (Гастрономия)	
D9B687CC412AF38DAF246E9FB0A184EC	Lady of the Woods	Владычица Леса	
7BA7FB674527C01B3349E787AA2BB7E2	Language	Язык	
D2354F7F41341B90BA7B1C9AFBED20D5	Language	Язык	
811278CC4CB92A9F413F5AB2D909B422	Lara Kaiser (Mika)	Lara Kaiser (Mika)	
DE22B9764E00ABB775986DBFE04B6135	Last time I saw my body, I....	Когда я в последний раз видел своё тело, я...	
A877F07A4405B7F4D64F46A7E7F36B99	Laura Eugenia Diaz	Laura Eugenia Diaz	
823978C3465CAD13D2DE709EFE475473	Laura Piest	Laura Piest	
BC79F6184E31A408AAFC1094C4D00D8C	Lead Audio Designer	Ведущий Аудиодизайнер	
515D4200478E54338B94AF8926DD2AF2	Lead Engineer	Ведущий Инженер	
01497552438E067EC5D26D85DBE3C0EA	Lead Marketing Creative	Ведущий по Креативному Маркетингу	
8CD2166A46F31E71A4D0DF897CEFFDCD	Lead Programmer	Ведущий Программист	
898CA77A4BA92565B9D91FB93AF13284	Lead QA	Ведущий QA	
3636A88A4BC6E71F27A81E92F8207A2C	Lead Social Media Manager	Ведущий Менеджер по Соц. Сетям	
379F30464B93970282A7488AA93CCE54	Lead Technical Artist	Ведущий Менеджер по Соц. Сетям	
84A8C92B461DA05E102DA2BD4C96176D	Lead VR Programmer	Ведущий Программист VR	
F7F2FEB743289BBB82BA50A43C3FF466	Leave through the door whenever you please...	Уходите через дверь, когда пожелаете...	
C7B0A0EE453622460930F299F41DEFE7	Leave... me...	Оставь... меня...	
531A271F44BD51154D222DB0C7995B05	Lee Jae Hun	Lee Jae Hun	
D92D3A184EE1D8CFEC4827957A339A67	Left	Лево	
1A4C6DDA40B60C179E5614B6827E355E	Let him walk his walk.	Позволь ему идти своей дорогой.	
B179D7794A440DA8F3D8BD99B78FF57E	Let the light guide you there...	Пусть свет ведёт тебя туда...	
4721ACDF4877360534105DA43A7AF90B	Letter To Mother	Письмо к Матери	
9691417A48D0310327A7BCA3E9BA7C37	Level Designers & Scripters	Дизайнеры Уровней & Скриптеры	
EABA1D2345613CC1E9CAE79FBB714EDE	LevelName	LevelName	
F6C8CBEC4013D40CB9AE269C6298F8DA	Liar, liar, eyes on fire!	Лжец, лжец, горит твой венец!	
27EDF2D64D8296BEB1EBA4AD05ADB0BA	Light	Свет	
3DAC90C04938D6010E2E0BBF3FC4AC3D	Light Match	Зажечь спичку	
9F996C2E42C870A821CA28B52E8030F1	Light a match, throw fire into the Dark Itself, and…	Зажги спичку, брось огонь в Саму Тьму, и...	
175C240A4A0B0D6F1222B788753A3935	Light a match.	Зажгите спичку.	
0D1FAD7B465936BD3D1707A181C78E39	Light like yours is hard to come by these nights...	Свет, подобный твоему, трудно найти в эти ночи...	
6E7524454CD94D064641FA97F0C63AB0	Light the fuse. Give her more!	Зажги фитиль. Дай ей больше!	
E0D135414CE98C11E5C36C985D2FE082	Light the fuse… it will guide the Burnt One	Зажги фитиль... он укажет путь Обожжённому	
5045E4DD451528765FCB0DAB919C98E5	Light the match...!	Зажги спичку...!	
B82DA26B428247A431D43E9B17A0DA95	Light.	Свет.	
D6CBC69B463956DCF0F0569EA6A4E4AC	Light.. the match...	Зажги.. спичку...	
9476B50945F210A7D0AEC3B739D903BE	Lighting candles marked with symbols opens up new paths.	Зажигание свечей, отмеченных символами, открывает новые пути.	
35A9443642D462037F5A40BCC556F572	Like her!	Как она!	
4B066FA443E63B8DA52B4BA975D15986	Like her...	Как она...	
2DC80D774C1D2FE7588DD6B18D75C275	Like the Somebodies of old; the candles must rise before they may burn.	Как древние Тело-веки; свечи должны подняться, прежде чем смогут гореть.	
5CC9AD2646F6122A1FD3D49D8D25FE65	Like you, his heart is ashen, barren… yet ripe for tasty stories.	Как и у тебя, его сердце испепелено, пусто... но созрело для вкусных историй.	
1346C58F42B5C678D85910AB9CDC571C	Lionbridge Games	Lionbridge Games	
5F6F51184D479D4094A68986C7753770	Listen for the bone...	Прислушайся к кости...	
500BE9E0437D5A79C3BAECA72384964F	Listen to Shellphones to receive echoes and memories from the past…	Прислушайтесь к Ракушкам-Звуконосцам, чтобы получить эхо и воспоминания из прошлого...	
EF9686E249DA2744074942941E4F0072	Listen to the road,	Прислушайся к дороге,	
97A6AEF049EA9F37130E5586DF75CF1B	Listen...	Прислушайся...	
DF657B144F07696DDE863C89ED4E8E21	Listen...	Прислушайся...	
3C7291A1408ACB3BD989CDBA0F33D4F4	Little dolls, in a dollhouse made of matches.	Маленькие куклы в кукольном домике из спичек.	
A56DB0F048172430437BAABB842B3B68	Little keys, little keys…	Ключики, ключики…	
E3FE24E74884B1274D9F8087349FEF73	Little soul, you charming little wanderer / my life’s companion and body’s guest / where are you off to now?	Маленькая душа, ты очаровательный маленький странник / спутник моей жизни и гость тела / куда ты направишься теперь?	
8CA6021540145269CE9CEDA0CFDFD4B4	Little soul, you charming little wanderer.	Душенька, ты очаровательный маленький странник.	
0EF2E7F541D78AFC6A0B98B733D48206	Look Around	Осмотреться	
F0E89228454ADC3327D1F0BF71B13916	Look at that, oh, I can't get enough of it	Посмотри на это, ох, я не могу насмотреться	
C9F45ED040D39B573BC4FEB808EA8E4A	Look at these sorry reflections of the daughter.	Посмотри на эти жалкие отражения дочери.	
AB848DBB49F48476C883A88C54A2CF77	Look at this fancy stick	Посмотри на эту причудливую палку	
EA06F36D4D30DE05EB374C8F983BCD40	Look at those stars burning like so many candlelights…	Посмотри на те звёзды, горящие словно множество свечей...	
57151D9A4DAB789E333D698EF86BB40E	Look at those two arms swingin’ around. Disgusting!	Посмотрите на эти две болтающиеся руки. Отвратительно!	
546CFE2F431598CEF96C7997AB4F7C14	Look out!	Берегись!	
AF2B95DC4AE339EC1DD370AB4979A37D	Lost in his terrible maze, you are.	Потерян в его ужасном лабиринте, ты	
004D7A82425187242A09458440779098	Love this stick, can't believe I found it! Where did I find (muttering)	Обожаю эту палку, не могу поверить, что нашёл её! Где я нашёл (бормочет)	
4FED478F44E5D60424579EA372BAADA1	Lucas Åsaborn	Lucas Åsaborn	
A8FF82A74F2419D346B61AAADDE1AFCE	Lucas “Malk” Silva	Lucas “Malk” Silva	
EDFE2EE34BCDCFF5AA994A95C82D01F1	Lukas Freijd	Lukas Freijd	
9F44F18B4EF2F77FCAF939B2E89B8566	Lukasz Wrzesinski	Lukasz Wrzesinski	
766916024A8E62FE187173A79E7B2B44	Maciej Kolodziejczyk	Maciej Kolodziejczyk	
EA2867C6471F60FED771D888A6C74737	Made with corrupted clay from underneath the Worktable, the Crawlers are always starving and on the hunt to repay the debt of fire owed to the Dark Itself.	Созданные из искажённой глины из-под Верстака, Ползуны всегда голодны и охотятся, чтобы отплатить долг огня Самой Тьме.	
073B91BA43FF61AF0F1947B6F4220783	Main Menu	Главное меню	
6D8569A342589F4113728686C4FA43FD	Make me a princess...!	Сделай меня принцессой...!	
DBBA251645525F84547C52BFF79DB8F9	Make this one disappear. Make it all go away!	Заставьте его исчезнуть. Пусть он исчезнет!	
2D7A6D504ADA093D1E9C42A1770DD5D0	Male Headlings	Мужчины Головлинги	
1FB1724C4C3B582327B5ED8B4C8B549B	Many years later, I don’t know what happened, but	Много лет спустя, я не знаю, что произошло, но	
3B4281034FC93DEE053EA0B470556837	Map of Coalhaven	Карта Углеграда	
7CCBF17740354ACCB012118414378695	Map of the Molgrim Swamps	Карта болот молгримов	
97946E3640297E8F5F90199D2566313D	Margaux Duval	Margaux Duval	
C7CCE2124294AD6A38B1ACB8C5814220	Mari Kurami	Mari Kurami	
E292FF6546DC47203488E6BED13872A6	Marketing Creative	Креативный Маркетинг	
99EC90F44F781ACB3A1ED5ADF0FFE8FD	Martin Blomkvist	Martin Blomkvist	
4723C5174E85765314DCC494B505A8EA	Mary Morgan	Mary Morgan в роли	
619AACD64B597794B4B8CBB8735F533C	Mask of Headeric the Hateful	Маска Хедерика Ненавистного	
282E209E433552FC0CF4A99475BD3DA0	Mask of Nogginson the Envious	Маска Ноггинсона Завистливого	
C7F6B86C45D8F33875851C91C4CDB2E6	Mask of Skully the Fearful	Маска Скалли Боязливого	
D1FC395842412F6CA28594A55EA63456	Mateusz Rajchert	Mateusz Rajchert	
5AF8F4854605388CFECB44B3D54279F9	Mathis Simile	Mathis Simile	
4AEDB5EB40614E0B0D3EE3A9518011B0	Mattias Söderholm	Mattias Söderholm	
ED437E5546C135AF05EBDB81C6D4F824	Mattias Söderholm	Mattias Söderholm	
777546864D3439083067EA85F94D5AE8	May I have this dance...?	Можно мне потанцевать...?	
61E32DC04B0E29F2A22022920B0414C4	Maybe this can be used as a lever.	Возможно, её можно использовать как рычаг.	
CDFBABFF4E00534E65C8459EE23F3228	Meanwhile I’ll keep the skull... safe! Yes, safe...	А пока я сохраню череп... в безопасности! Да, в безопасности...	
B4C28DAD45451600197464AD651FAD4C	Medina Ljufi	Medina Ljufi	
E1EDD90245B89DC8B057EA8EBCAE4799	Medina Ljufi	Medina Ljufi	
BCDE5F294CAA77A9655E45B06B4FA20B	Meet your Craftsman!	Встреть своего Ремесленника!	
6B7F6D11424C93F75F5C6895704E9975	Michal Blonski	Michal Blonski	
F86507DA4F94D842032BFFA838A0ACB7	Michal Wojtyszyn	Michal Wojtyszyn	
B14BB26F4ADC5EFC78AE6889EAFC0747	Might be returning!	Возможно, вернутся!	
623A922C4DC3E6376E9312BDFA643F99	Mikolaj Romanowski	Mikolaj Romanowski	
28F75F3B49040814C70989A0BA5D8049	Mind over body!	Разум превыше тела!	
3B97CCA643A870272DCDC8AD5A7D7137	Mind over body!	Разум превыше тела!	
47CAFD6B43DE4A658F343C9CEE6756BB	Mind over body!	Разум превыше тела!	
865513EE499EE6588BF25099F91D6C9B	Mind over body!	Разум превыше тела!	
86775CBF4A8145BBE75B5CB14866C7B4	Mind over body!	Разум превыше тела!	
9F55EA6346F12CA1B8C6B2B76CF246C5	Mind over body!	Разум превыше тела!	
A32F86FF40ED416FDF82F8BF036208BC	Mind over body!	Разум превыше тела!	
DD21BB29465A281CE9A15BAE1086B8A5	Mind over body!	Разум превыше тела!	
EFC0DEEB4E0591A73C230C85A60C186F	Mind over body!	Разум превыше тела!	
BB894C7F4B5873671494FB8794B7B13A	Mind over body, yes...	Разум превыше тела, да…	
1FE6B985488110332F95E5A2D82DE9DE	Mind over body.	Разум превыше тела.	
DB0737494CB1DBD3A32A7E9DB7D8849D	Mind over body.	Разум превыше тела.	
1A812A314AD2832772A90F995A3E8244	Mind over body. The bodies made us do bad things, so we banished them.	Разум превыше тела. Тела заставляли нас творить злодеяния, поэтому мы изгнали их.	
16649A194022B707CFDBE0B9809A29C0	Mitt Happyplace när världen står i brand	Mitt Happyplace när världen står i brand (Моё счастливое местечко, когда мир в огне)	
AB0AB682468355A0B1DF0FB02141512E	Mmm-mm!	Ммм-мм!	
E851D3194393F34AEBFEEE960F1A8047	Molgrim’s Cave lies thataway…	Пещера Молгрима в той стороне...	
4C70650D442FE3216D7455BEF9CAC583	Molly Scarpine	Molly Scarpine в роли	
9A55309E4D97E8F75AD1AD85E1305AF8	Mom, dad!	Мама, папа!	
383CA549429F5E16548527B38F989CB1	Moonbird	Лунокрыл	
266B825846995D4DA0E20596AE56B650	Moonbird has seen enough.	Лунокрыл насмотрелся достаточно.	
376054D64A75466934596A91E3717A59	Moonbird has seen enough.	Лунокрыл насмотрелся достаточно.	
6370CC714EB84FE4941E2F9F850DC14D	Moonbird has seen enough.	Лунокрыл насмотрелся достаточно.	
89470F7F4CB353AD520238B28A510D6F	Moonbird has seen enough.	Лунокрыл насмотрелся достаточно.	
407DEAC749F7B86C7F85F6AC49B3DB77	Moonbird has tasted your fire.	Лунокрыл вкусил твой огонь.	
C0B5E1534DC0A1403C96A88BAFC56F7C	Moonbird simply had to take it.	Лунокрылу просто пришлось забрать его.	
365EDDEB43E0BF3887F322BAC031D0B5	Moonhood Pets	Питомцы Moonhood	
4117402544D200E2721629ACFF11CDB4	More stories...!	Больше историй...!	
5DE8D4D9418D17A82C31D7A3F55FCFAE	More!	Ещё!	
66223D81422E7BD0545E50B38ED492C5	More!	Ещё!	
1F1DBEE04EC0EEC9BB0F4BA2214D31F7	More! More!	Ещё! Ещё!	
4E09FB964AF53302EB7B7D8496513F95	More! More!	Ещё! Ещё!	
DA88AD2A455CA7084A902BBE0FC65BD7	More! More!	Ещё! Ещё!	
F27C129A481E759423C699ABA2A91625	More! More...!	Ещё! Ещё...!	
A79C313444840822A9659296F6DB8D2D	More!!	Ещё!!	
E6EA0C3E481EBD109F7BAE8DF410391C	More!!	Ещё!!	
8300D93742EE8BA369F42F8C2E156CED	More!! More!!	Ещё!! Ещё!!	
7569BD7D4C5EA81C776B489C70F93B8B	More, more!	Ещё, ещё!	
EAC5F6114984F8E3B26325AD537BDC9B	More, more!	Ещё, ещё!	
E2FEEE984F598D6AB978638B4C09BDA9	More, more, more!	Ещё, ещё, ещё!	
31540F7D42CFBB5958BC288165C16586	More, more, more...!	Ещё, ещё, ещё...!	
E8A6351341F96381E4FA778DD7778851	More...	Ещё...	
E400629344A3BAF95B7E488529B96176	Most of my life I’ve been afraid of the dark.	Большую часть жизни я боялся темноты.	
959D861444AAFE246FB3C6A8BD5B0A93	Mother Ragdoll	Мать Тряпичный человек	
F9CCE2C14BC0B6126C1E8C851FF9CC43	Mother's Mask	Маска матери	
6FAB4D844B0F3ED68E8211A32C54AC7E	Moush Angre	Moush Angre	
3EEE68634EED4CC127760D9894305EEB	Move	Двигаться	
4DDA5F7143D04EFE7BABB5B72B2B8459	Move	Двигаться	
66BA27C046DF0FDF7FA03BA8D170F206	Move	Двигаться	
DE108D6148CEE559DE8F67B0091FA50F	Move Back	Двигаться назад	
0029856146B69D0F9E437C8B26847EA3	Move Forward	Двигаться вперёд	
2A7C47B44C765D19A1386FA7017684CE	Move Left	Двигаться влево	
EA48AFAE4D8682407D5426B2052A3EE3	Move Right	Двигаться вправо	
B8D6261C4871880A8BDACAA3FC64AB5E	Move player on right axis	Двигать игрока по правой оси	
F825413F45A80BDE73C01F878800BCDE	Movement	Движение	
0480E86C4FABF2FC00484FB08264DB79	Movement Inputs	Ввод команд движения	
B34B77CD41BB73A028A0408F27B82AD1	Murderers all.	Все убийцы.	
E7D8CD704E3806849024C79C61E8322D	Murderers…	Убийцы...	
8704268943EA3B0D4479C0BC66A3A621	Music by	Музыка от	
EF3FDE674F34B848ED898FBBE750E27D	My best stick.	Моя лучшая палка.	
A657BC594B4B6528E58655BB8C7709C9	My life was in the gutter before I found this stick	Моя жизнь была канавой, пока я не нашёл эту палку	
92678B944571142326352FA58F7E10F4	My life’s companion and body’s guest...	Спутник моей жизни и гость тела...	
ED6447704A847A4629620885D474FA90	My stick!	Моя палка!	
A50462A441EF7A713BD2789A97398572	My stick, my favorite stick!	Моя палка, моя любимая палка!	
7327234A4B1D6B7640A977A028307173	My... No!	Моя... Нет!	
DB55E2404EE56C805DBB818C3D34AC95	Nah, nah, that’s not the way the story blows…	Нет, нет, не так история течёт...	
E654E6644172D613431C66A4997F8C23	Name	Имя	
A7B848954E73BF882F4E8A8BA3B5B5FD	Narrator	Рассказчик	
EFB850CF450F403F1A949EA1936E1B1F	Natten är nog det finaste här	Natten är nog det finaste här (Ночь здесь, пожалуй, самая приятная)	
6CDB5F484258AB5A5F6405842A881AE1	Naturally, you must, it is destined...	Конечно, ты должен, так предначертано...	
09B7415741FF4EB32C4549B77BCF0EB2	Navigate	Навигация	
490194734D58EBA685519AB401FE5BF0	Never gonna find a better stick than this one	Никогда не найду палку лучше этой	
289215574B4BDE9EBCDAE2901D46D386	Nevertheless, this long night seemed endless	Тем не менее, эта долгая ночь казалась бесконечной	
374F547042C081D750ABED9DDBAADDB4	New Game	Новая игра	
05EC81DE4AB01B1DFED96E88FE6D3614	Ne’er sweeter a flame has there been.	Не было пламени слаще.	
6BC923E745FDE19169E3CAA0A0E69B72	Night skies like these, trouble seems so far away, doesn't it?	При таком ночном небе беды кажутся такими далёкими, не правда ли?	
922C37844E79A6DD8CE8AAB8FFA590F8	Night skies like these, trouble seems so far away, doesn't it?	При таком ночном небе беды кажутся такими далёкими, не правда ли?	
284BE4524DE35789DA0902ABCFA7903D	No Editor Found	Редактор не найден	
066629D647CDEC1A71106CB6D1F9189F	No body. No body!	Никаких тел. Никаких тел!	
C1D1592E40A05126AD821B8C19DE8694	No dance, I ask, no singing - no way	Ни танцев, я не прошу, ни пения — ничего	
868B5B544D3A447785D525A1237CC1D9	No fire! Just a spark.	Не огонь! Лишь искра.	
EB8C7C044AAE5D82FF6C9E8AFF4FA630	No help, no use...	Ни помощи, ни пользы...	
946F953843D21064BE2B87BB45B19708	No matches left to light the oven…	Не осталось спичек, чтобы растопить печь...	
40B00E904E3C83132C5DF0AFECCD4BA9	No matches…	Нет спичек...	
4F35B8F3412E43256088D0966293666F	No matter how much I fed it, it kept on growing and growing.	Сколько бы я его ни кормила, оно продолжало расти и расти.	
5E01B47D47AEAED703E0658D6A9FDAB5	No offense.	Без обид.	
AC89A1074B39AAAE3A52319A5EEFB341	No path!	Нет пути!	
D4329F2845771120DC58C7B64B398F09	No rest for us after we did.	Нет покоя нам после того, что мы сделали.	
8BC4DF624542D2723DCC5AA7FCB7C84F	No spark!	Нет искры!	
833DB6B64138E4997E3A848DB6C683F6	No spark! No path!	Нет искры! Нет пути!	
6243202046D7C24D06E15EAB68F112EF	No spark, no path!	Нет искры, нет пути!	
8366B4934DF197BB4CF0BABE9FE8D726	No spark, no path!	Нет искры, нет пути!	
4C23FB204D2BBA79E50BFE885F9FCD7A	No spark, no path.	Нет искры, нет пути.	
8CB7BDF248A2221B3359F48ACF6150AE	No spark, no path.	Нет искры, нет пути.	
6387F0B745759817D7F5DFB87B2679A2	No thing without feathers can leave this place	Никакое беспёрое не сможет покинуть это место	
507751264D5290F3CE6F9D8AA5C1B053	No! (Growls)	Нет! (Рычит)	
0A6144F74B89E9D7A673928998579288	No! I need this! You’re not taking it away from me...!	Нет! Мне это нужно! Ты не отнимешь это у меня...!	
5B97D96E4329194BA1AFAF9EB481469B	No, No! Wrong...	Нет, нет! Неправильно...	
74F00FD049127C3AED223286B694ED27	No, there’s nothing there.	Нет, ничего не приходит в голову.	
4E4C0B57486F04F2807FAFB5BD73D666	Noak Iversen-Redmalm	Noak Iversen-Redmalm	
85C4F44C4EA4AD62B3FB9E917CC28CBB	Noble creatures and chosen keepers of fire, the Molgrims have always been misunderstood and envied by the Two-Legged Beings.	Благородные создания и избранные хранители огня, Молгримы всегда вызывали непонимание и зависть у двуногих существ.	
3591AEB041855D0A922CF3A8ACAA40DB	Nobodyville	Бестеловилль	
FF44B4E144A018881157ECB83CBFB666	Nobodyville bridge guard	Стражник моста Бестеловилля	
1B1EE71545487FCA2591539E2B0F66B2	None of her new acquaintances had been able to answer her burning question,	Никто из её новых знакомых не смог ответить на её жгучий вопрос,	
A62FA616459CF8E311CDB3A1A74D1A92	None of them will ever dance, ever feel the warmth of their maker’s heart.	Никто из них никогда не будет танцевать, никогда не почувствует тепла сердца своего создателя.	
CF643263446A7DC3667997AE1F6B8D01	Nope, nope, nooope!	Нет, нет, неееет!	
BDFE1400438A514BD9EA07B83E8C9B45	Nope, nope, nope... Nope!!	Нет, нет, нет... Нет!!	
74DFDC8B47CF288DA50D13A03F1A6578	Not Crawlers or ghosts, but something else, something in between.	Не Ползуны и не призраки, а что-то иное, находящееся между мирами.	
93D4A7054D2AE7FDA7E8CFBCBB3D9706	Not Crawlers or ghosts, but something else, something in between.	Не Ползуны и не призраки, а что-то иное, находящееся между мирами.	
694C3D4649B71E6C45D76F918197FBC9	Not everybody were in favour of the Great Beheading.	Не все одобряли Великого Обезглавливания.	
72D193D843AEA2950E046CB706FA68D3	Not in here anymore, where did she go? The grave of the thief calls - one last time.	Её здесь больше нет, куда она ушла? Могила воровки зовёт — в последний раз.	
45FE8EA542AC448BCFC3F48F27F19304	Not like we have a choice.	Не то чтобы у нас есть выбор.	
D396A38B4D0C3486332E4F90ABE5B940	Not so fast...	Не так быстро...	
EC436FD8450E7B36BCA1DE8B4E9202CE	Not sure whether she was alone, she asked out loud:	Не уверенная в том, одна ли она, она спросила вслух:	
1A971E814DD67BEAD666B58D3EC9DDAF	Not the hellish kind I hope. Is father there too?	Надеюсь, не адский или вроде того. Отец тоже там?	
3E85BB854E50F75D261C178765A25CCA	Not very far now... not very far...	Уже недалеко... совсем недалеко...	
5D27BAA04C401F1CC209F79CC3139B74	Nothing to see here!	Здесь не на что смотреть!	
8D1844E442C063E00F106DA50D3D554E	Nothing to see here!	Здесь не на что смотреть!	
22663D974B1DF9CCDBC565ABFD5FC442	Now go do the quest. Meet the problem head-on!	Теперь иди и выполни задание. Встреть проблему лицом к лицу!	
3494338A4EBF5362991A8FBAA9AF5459	Now go, and burn!	Теперь иди, и зажги!	
C420BB3049C298F7067BBDAFC89A5552	Now the Ghost has come, to smite the wicked	Вот Призрак и пришёл, дабы покарать нечестивых	
757911B8475AAF4723ABD6A9EA9CFBA2	Now there’s an open door invitation if I’ve ever seen one…	Ну если это не приглашение войти, то я не знаю, что такое приглашение...	
350AB65F4BE4D50054C294AA4D5B0CFB	Now there’s nothing left but cold, sharp guilt.	Теперь лишь холодная, колючая вина — это всё, что осталось.	
CE221B4F41C22E20CA55F695DAEE2DD7	Now what the heck does that mean, am I right?	И что, чёрт возьми, это значит, я прав?	
E10075514B71CA1A36147F84E08060C8	Now, fire is back. Maybe fire can help us…	Теперь огонь вернулся. Может, огонь поможет нам...	
6EE9B6024CA4F5BBBC0A80952D7CFDE0	Och på så vis skrider dagarna vidare	Och på så vis skrider dagarna vidare (И так идут дни напролёт)	
F1B9150C40292B2382B1719A220DF45B	Oh I love it so much, oh I'm gonna keep it forever	О, я так её люблю, о, я сохраню её на веки	
22BB482E45E5E22AEAC5E49AA1370A43	Oh darn, I can’t remember. If I could, I’d be able to let go...	О чёрт, я не могу вспомнить. Если бы мог, я бы смог отпустить...	
EA210C0D42216485FA98D5AD75D37A89	Oh how they used to laugh at the distant stars	О, как они, бывало, смеялись над далёкими звёздами	
649BE37141EB786A4DFF06AE47282ADC	Oh sticks - I love sticks, I can't get enough of 'em	О, палки - я люблю палки, не могу остановиться собирать их	
7E2F20EE4E57A99A8EF572945DE1FF1B	Oh yes you are, a real sunbeam!	О да, ты и есть самый настоящий солнечный лучик!	
E49B48CA40D68088EFD772ACE99938C0	Oh yes you are, a real sunbeam!	О да, ты и есть самый настоящий солнечный лучик!	
19DE6BCF4118870B222108AD9F913FDC	Oh!	О!	
12B3AE0C4A335D4A6F636AABAE4DA953	Oh, I know she stole from us... I know what she did to our town…!	О, я знаю, что она украла у нас... Я знаю, что она сделала с нашим городом...!	
29762F18499CCF36736D8A914E5EA90B	Oh, it's a keeper, it's so beautiful	О, моё сокровище, она так прекрасна	
28D3B267403D7A53CF1E35AFDDDCAD84	Oh, my neck hearkens the anguished howls of the Molgrim…	Ох, моя шея внимает мучительным воплям Молгрима...	
F910314745D304E9929D2199D880382D	Oh, my neck hearkens the anguished howls of the Molgrim…	О, моя шея внимает мучительным воплям Молгрима...	
6DC9FBA04C5570B8A11D7D9A38F90E05	Oh, the shame…	Ох, какой позор...	
2C4E2B3B42972B39F4C56CBA6BD696DD	Oh. That voice. What I wouldn’t give to her sing again...	О. Этот голос. Чего бы я только не отдал, чтобы услышать её пение вновь...	
AEA930E34857B59A9757E29565659BEC	Oh...	Ох...	
AFD1381C48A1E619FE525BAAD81E6E76	Oh...	Ох...	
A24994C840FA912A5C59B199E05340F2	Oh...! Can I hold it?	О...! Можно подержать?	
4C25B6AB4C938F8B9CB7F0B8357DA5F8	Oi! You the caretaker of this little fireball?	Эй! Ты смотритель этого маленького огненного шарика?	
6BCC80CC4103D3766BCD9FAEFEEAA71E	Oi! You the caretaker of this little fireball?	Эй! Ты смотритель этого маленького огненного шарика?	
3C102C7D4057B09EEF7CF3A92A904B5B	Ok	Ok	
50B097B74A61EAABC107E2A363FA3F41	Ola Sivefäldt	Ola Sivefäldt	
4383DA2E47937B9629109594161EF7F6	Olov Redmalm	Olov Redmalm	
8985013245CB74A38193F58F08007D75	Olov Redmalm	Olov Redmalm	
AA6A69744C490C1E9D55C48B0431F287	Olov Redmalm	Olov Redmalm	
94E4FA2A4D725BDCD2BE919DEDA8C398	Olov Redmalm as	Olov Redmalm в ролях	
91DCC9CD45933B50DBD881A464078743	On the discovery of the Dark Itself, and the conception of Shellphones.	Об открытии Самой Тьмы и зарождении Ракушек-Звуконосцев.	
418AEDF7405416AE6BA0059382E773FC	On the rumored origins of the fire-eating Crawlers.	О возможном происхождении пожирающих огонь Ползунов.	
51A51CE54E29CFA86B0537B6889B57CA	On your... on your... tall legs!	На твоих... на твоих... длинных ногах!	
2A88C0C842A7B2D41119DF8738D41CB3	Once upon a time, the Molgrims lived in peace...	Давным-давно Молгримы жили в мире...	
DBA1186241C9B108E4BDBFB0D7B58629	Once upon a time, there was a Murkle... (Listen to the story inside Housy.)	Жила-была однажды Мёркл... (Послушайте историю внутри Избушки.)	
2F0CAE0E4BC864A328BBDD9F3CA2D180	Once upon a time...	Давным-давно...	
EBE05A8F4FA07FA0BC0BA0A8C7E91AAD	One Night the Craftsman woke from a deep slumber.	Однажды ночью Ремесленник пробудился от глубокого сна.	
3FAE232B4582AE31BD9C5995FFABB821	One day I woke up to the noise of quivering planks and nails…	Однажды я проснулась от шума дрожащих досок и гвоздей...	
CBAA6B214186178EB8E72181A8D8A9A1	One day I woke up to the noise of quivering planks and nails…	Однажды я проснулась от шума дрожащих досок и гвоздей...	
16B5896649EE19F33A51159C2859DB97	One day my sister told me that the monster wasn’t real;	Однажды моя сестра сказала мне, что монстра не существует;	
64619A6E4BEC114A8AA846B9EB880E68	One day my sister told me that the monster wasn’t real;	Однажды моя сестра сказала мне, что монстра не существует;	
DAC0CFDF435A39517711EC889688360E	One day, he decided to create the first people	Однажды он решил создать первых людей	
910E36724ED7C120EF5D7F96C0C6DCC2	One of many species found in the forests along the Walk, some creatures prefer not to have names.	Один из многих видов, обитающих в лесах вдоль Тропы, некоторые существа предпочитают не иметь имён.	
C60811144F5776C5550F00AE90A6BF92	One of the first beings ever to wander the clay.	Одно из первых существ, когда-либо блуждавших по глине.	
0400CEB549CCE31DC4158CA53B316387	One of the three missing shards from the Molgrim’s cauldron...!	Один из трёх пропавших осколков котла Молгрима...!	
C3D65C104EE193E66203A5AACE7A9B73	One shard for the heart. It longs to return to the Molgrim’s Cauldron.	Один осколок вместо сердца. Он жаждет вернуться в Котёл Молгрима.	
A7F56C5D4AF7E8A066D5708608D11CFB	One shard for the moon, and its power. It wants to return to the Molgrim’s Cauldron.	Один осколок для луны и её силы. Он хочет вернуться в Котёл Молгрима.	
A6D0FE8C485DD0BEFD83FE82CC2C7B41	One shard for the three-sidedness of things. It wishes to return to the Molgrim’s Cauldron.	Один осколок для трёхгранности вещей. Он желает вернуться в Котёл Молгрима.	
AE04212C4E35E6AE91DE268058BC421E	One, and two, and three...	Раз, и два, и три...	
FA3B5BA54FBBBB6F541ECDAD1E7E176E	Ooh… it still gives me a headache…!	О-о-о... это всё ещё вызывает у меня головную боль...!	
887791AF413E177A75590AB6979F0B4D	OooOooh…	О-о-о-О-о-о-о...	
AB6910BA41F197F3639E44A7D52BF1C1	Oooh, d'ya feel that? Somethin’s changin’...!	О-о-о, чувствуешь это? Что-то меняется...!	
E91D43FE484FB227EF20248D4E29D8C1	Oooh...	О-о-о...	
67087777404FBEAAD46F45B1A9884820	Oooh...!	О-о-ох...!	
6C8FA08F4CB9AF5322C9CF9813BCD594	Oooh...!	О-о-ох...!	
2D98C41E4BD14AFC156D9F8CA4D563B6	Oooh… Burnt One, little flame, you found it!	О-о-о... Обожжённый, маленькое пламя, ты нашёл это!	
A76AF73D4B62004B1B6165AACF26427B	Open Inventory.	Откройте пожитки	
2ADBF69F482E5AE5687BBA98B7E1C66E	Open Left	Приоткрыть слева	
B1FD734C4CB7D9E88504D38F3984621E	Open Left Door	Открыть левую дверь	
2FCEAF8A4CB019AA7F2FB8B86327B37E	Open Right	Приоткрыть справа	
F5CD58DB4B76693BE9778E9CE3480CAE	Open Right Door	Открыть правую дверь	
0B10BA0F47428D04D8CD7D80F0F11893	Open a console	Открыть консоль	
2F34E9C647FFD882F8E8ED903B09F4E6	Open a console	Открыть консоль	
167D974F47A5F561A54C74B660D49C0E	Options	Настройки	
07B1A96449AB2CCE5B74D98B3FDD6FC9	Oskar Burman	Oskar Burman	
A985EB28494A4CCEE5913A8D69C5A42F	Oskar Dobrowolski	Oskar Dobrowolski	
F2B754AF4835020BDF4152BE9985872F	Otherwise we and thou art forever doomed to madness;	Иначе души наши, и твоя, вовеки во тьме безумия пребудут;	
A13B96CA4DE464B8CFA402A109197C39	Our hope…	Нашу надежду…	
52B047F24B32CCCF8FAA50B8380CBB2C	Ours is a different connection entirely;	Наша связь совершенно иного рода;	
6123CF4C44924D0CE045BE9E3002D99D	Over there...	Вон там...	
831C501A4BB8A4A417C70DAB2D5D0C45	PLAYER HEIGHT	РОСТ ИГРОКА	
174ED353483D2E50DF77EE8F05314F15	Pablo Ruiz Dávila	Pablo Ruiz Dávila	
62362D2749311C0939E6DAA09CB4F5A0	Paper Stick	Бумажная палка	
10E244614DC382D801CB99BA6C27C6E9	Partner Marketing Managers	Менеджеры по Партнерскому Маркетингу	
2E09C8D14759534070264E9F8B531862	Partner Marketing Team Lead	Руководитель Группы Партнерского Маркетинга	
790F6E494B4E4521ACFBAC88F16D8C9B	Patrick Liu	Patrick Liu	
8A10A3F24856718AC38A39B7D1C8A869	Pauline Carpentier	Pauline Carpentier	
4C50B1E34F57F4DEF29C678203C4D3F3	Pauline Constantine as	Pauline Constantine в ролях	
5C89FE59405900629CF9A98B2EE771DB	Paused	Пауза	
E32B50DD489794C602577196D3AA1FBD	Peace ended when the violent Somebodies invaded the valley...	Мир закончился, когда жестокие Тело-веки вторглись в долину...	
EB53FA5F49A75171ABD3CF8A0285BF63	Pedro Agune e Rodrigues	Pedro Agune e Rodrigues	
3907B8E64AFAA93C76624AB5FE1DDFFB	Pedro Freire	Pedro Freire	
BC866EE6488240B3DF46799FB3E321C6	Pedro Kayatt	Pedro Kayatt	
88C34CC6459FB595631A22A9131210B9	Performed by	В исполнении	
B28688D34EA9B71A5204C2B22BC97552	Performed by	В исполнении	
C0B5B7844B1D8DE442658F9DDF16CBCE	Perhaps desperate times call	Возможно, отчаянные времена требуют	
C060916748216EA5B7A90E9A6639302A	Peter Stenkvist	Peter Stenkvist	
8FA61E184271D0BBCDA7C5A1F8892604	Phew...! Thanks for saving my neck.	Фух...! Спасибо, что спас мою шею.	
50F276C04A7CBA7275032D8201D84592	Pixie Ganslandt	Pixie Ganslandt	
15A5DAB54AC2E008F6BA4C94C5800D6E	Place	Место / Разместить	
58E6C7DA493C35E243AB9F912DF2F45E	Placeholder collectible	Placeholder collectible	
6293D5C24DBE4CC3258798AC0A8337AD	Play	Играть	
7687DF3D4033F35B4013B491C1AE156A	Play	Играть	
EAC5B022420232E28320BA9939BE8193	Play	Играть	
F95A14084C318FC8965BCE97F7DE8A1D	Play Demo	Играть в демоверсию	
07BB11814EE823FC2B9DBE839E14343B	Player FS main context	Player FS main context	
3DB467164A1D49C3FA84E282D09212DF	Player FS main context	Player FS main context	
729753314AD05B9A15AA68BA66E81802	Player FS main context	Player FS main context	
8008E5ED4313519E69CEEF8477EF369D	Player FS main context	Player FS main context	
C31FD704427F350414689DB711643996	Player FS main context	Player FS main context	
E10AEF5E43654CE9044AEDA431C28AF2	Player FS main context	Player FS main context	
F103537D4A57E3B8EA7AE091F8F47957	Player FS main context	Player FS main context	
0A468CF2466504E2E15D34A740D99C40	Player Hidden	Игрок скрыт	
A386184D490FF0FCE48DD0A6E37B92E1	Player Proxy	Player Proxy	
2970B55C44E7A14713483B85DEA7804A	Player camera look	Обзор камеры игрока	
B7F67D1C430835B0C21ADC8D50CBAC86	Player camera look	Обзор камеры игрока	
D0F5D53A446B592E56F0F295955A9927	Playtesters	Плейтестеры	
FE6E580C4722E69BCF31E29EA1070470	Please find the song.	Пожалуйста, найди песню.	
3646785A425061C97EADF5981678E9BB	Please, I want to see my home again.	Пожалуйста, я хочу снова увидеть свой дом.	
C7083F6D41768BAB9A07D39081BAD39A	Please, I’m too weak. Find the clay head, keeper of a song like hers.	Прошу, я слишком слаб. Найди глиняную голову, хранителя песни, подобной её.	
0F9D831B442A8DE69B98268AA8E860E8	Please, leave me...	Пожалуйста, оставь меня...	
E08C832441374B3A5B736684C4497EC2	Please, may I...?	Пожалуйста, могу я...?	
3636099E46F9DCD85465EC8DE9B6F713	Please, one last star...	Пожалуйста, одну последнюю звёздочку...	
E24D39304121B0AB032FB3A72E774685	Pontus Törn	Pontus Törn	
2AEE47CB44BCD3BB28BCF89703C6A9BB	Potboy	Горшочек	
A310DA314DFE77DBDBB1E08367F2081E	Potboy	Горшочек	
CB8C30CB402562864CA4138AB64049A6	Potboy Return	Возвращение Горшочка	
57B3CB5E4BA701A5F1C082A462AD1284	Potboy interaction	Взаимодействие с Горшочком	
64253A094D9F6C599A56219574258029	Potboy interaction	Взаимодействие с Горшочком	
9A2D600D4ABF70249728D0875C832696	Potboy interaction	Взаимодействие с Горшочком	
FE9B1C484524C30A151706AB00164A65	Potboy likes to eat coal. It’s a little treat!	Горшочек любит есть угольки. Это маленькое лакомство!	
B7A6917B4E95E0147799EC91C5A2346D	Potboy's favorite treat!	Любимое лакомство Горшочка!	
4014E41246DFD18A5B08578186005565	Potboy’s fire is a useful tool indeed.	Огонь Горшочка воистину полезный инструмент.	
1064AADB4CD6B3A8B99D43AD2964CD36	Press to send out Potboy.	Нажмите, чтобы отправить Горшочка.	
E9D15AFE4E15614E59C91395A8DABA09	Pretty pictures...	Красивые картинки...	
443DEFF747F888A03AC7D19B85B75C38	Pretty pictures...!	Красивые картинки...!	
B1255027455342B23A11498B28230EAE	Producer	Продюсер	
01FEC2DD4CBA6D7FC416418AA4977CDE	Producers	Продюсеры	
0D66E0CA499BF0CF18D3578B4A91946B	Producers	Продюсеры	
2A62B59D4A31B9448F99AE9FE1692A82	Programmers	Программисты	
051BF3C040CACF31D306AC97095BD054	Project QA Lead	Руководитель QA Проекта	
EC31BF0B449D28DB3328A7ABEEF2C9ED	Protect the spark.	Защити искру.	
BD4E48EF4EC304797EE95E82980FE47C	Proud over her sound logic, she went back to her lair to take a complementary nap…	Гордая своей безупречной логикой, она вернулась в своё логово, чтобы предаться дополнительному сну...	
71E599F2452F2885D557E3B71E3D46BA	Publishing Business Developer	Разработчик Издательского Бизнеса	
40A32DE64B903BDB703E028FDC7C79BC	Publishing Producer	Издательский Продюсер	
9A86DC5D42AF4F608901C4BBE5D0CB43	Pull the piston and release to fire!	Оттяните поршень и отпустите для выстрела!	
BA7A1B2A4543CD8193DA1EAD976BE73F	Pétur Stefánsson	Pétur Stefánsson	
DD24BAF54C8B3D31CD4869A0C74D7D7A	Quit	Выход	
DCF15AC14E41CA4D691CE291F28697AB	Rain	Дождь	
6B746FDF4F4209F38A9E9FAB08708448	Reach for your left hip and grab to bring up your inventory.	Дотянитесь до левого бедра и схватите, чтобы открыть пожитки.	
AEE560934EB62FD56427FAA18A0CDF83	Reach over your shoulder and grab to equip the Matchlock.	Потянитесь через плечо и схватите, чтобы экипировать Огниво.	
80659E2A49C8459C0F5BA191172B6761	Reading the Stones	Чтение камней	
DEDDC58144719D9FE7C5C5A1A53A436F	Readu! Hup!	Готовсь! Хоп!	
234E9E3A436B3894BC6F51B13FA22AF7	Ready!	Готов!	
1C8B84D24F3E9A6B15F29EA1B68818C5	Real as clay, as palpable as the midnight air...	Реальны как глина, ощутимы как полуночный воздух...	
7D782C504E05491150F822AFBDA75C87	Rebecca Toth - Additional Tuba	Rebecca Toth - Дополнительная Туба	
1CE69C3A4D074B29D26B159282678B87	Recently she has become bold; moving ever closer to Nobodyville…	В последнее время она стала смелее; подбираясь всё ближе к Бестеловиллю...	
8087A454406992096821328D668B3DAA	Reignite Potboy's fire!	Вновь зажгите огонь Горшочка!	
FB5EB24044AFC9B66CF2C7B1960FF2DD	Release Manager & User Experience Research	Менеджер по Выпуску & Исследованию Пользовательского Опыта	
0D85B692476EF3C005C7FF95DFFD5C08	Release Throw	Отпустить Для Броска	
0726BBBB465745EE24AD05BD83E78B60	Release me...	Освободи меня...	
0CC9E4AF42CA34F8549F9BAFC561745B	Reload	Перезарядка	
510E29C540EB6555616BEE875DDFE848	Reload	Перезарядка	
44CA005F47C380251ED872B669957C9A	Reload, stupid thing...!	Перезаряжайся, глупая штуковина...!	
4E0AAC084233EC67B417DD94C4EB5B88	Remember, you can close your eyes to listen for hidden things.	Не забудьте, вы можете закрыть глаза, чтобы услышать сокрытое.	
BDFFBA5B4F4DC1B4E3CAFF95D5BFA96B	Remember: You can reach Housy through the Main Menu at any time.	Помните: Вы можете попасть в Избушку через Главное меню в любое время.	
9284DDC84E9BD38F925A3AB0DEEAFDE2	Remember; you can close your eyes to listen for hidden things.	Помните; вы можете сомкнуть глаза, чтобы услышать сокрытое.	
7D8637A24E85EFB1CA75338D7A3DE17D	Remove the shroud...!	Сними покров...!	
1682FB9C4EA93102F10EB38A1E038C6A	Reset	Сброс	
65669C9941C086E541E819A124979BBD	Reset	Сброс	
C5F22D0244FA1CB9E20285A3968BC036	Reset	Сброс	
61DC964640014884700B22B7AC72EF9C	Reset keybindings	Сбросить привязки клавиш	
8A51587340F4F44E316664A6678464B5	Reset to Default	Сбросить на значения по умолчанию	
416E99EF4AA26089D33981ABD3A15DC2	Return	Вернуться	
80449B10447CA65D148421A21E3B2E9F	Return	Вернуться	
96EAD2DA45BC01E6FE482ABD370B5CC6	Return	Вернуться	
3CF7B812401387EDA2B2CEBA5622ECCD	Right	Право	
2421508D42F45E2DAB7149B3A60AA5D5	Robert Olsén	Robert Olsén 	
10BA948249FB1FEC86DF789BA27175BB	Rodrigo Cordeiro	Rodrigo Cordeiro	
80DA73DC414C0CF14A92C8B8753A000F	Rotate	Вращение	
94A623364D9749CBD739118B2992E5AC	Rotate	Вращение	
CA9937854DE143E9BCAE4E9723C75054	Rotate	Вращение	
EADCBAFA440D82D0B955E1825A3922C2	Rotate	Вращение	
F4B9B9704CEBA8E5B6779EAA350A0ABC	Rotate	Вращение	
0B84B32E46603FC453B10CB81CB7ED2F	Rule!	Править!	
469EC2A74B0DD3A20041B8A59BF78F14	Rule!	Править!	
9021F1934C4389F22CA7A881385CBA80	Run!	Бегите!	
A44E440E4457C4A1BB99C68121E696C7	Running near the Crawlers will alert them...	Бег рядом с Ползунами насторожит их…	
F8BE4FBD44821B6931078BAFACCD48E8	Sad!	Печаль!	
0AC339B647DDF012942A6B9F8F148A08	Sad! Sad!	Печаль! Печаль!	
AF2201A0427A9C0105655F97FED6A8CE	Sad! Sad!	Печаль! Печаль!	
C88A5337455290C025AFBA9163CBD5DC	Sad! Sad!	Печаль! Печаль!	
15FFF1594756C2482758B9B6BCC15F23	Sad, sad!	Печаль, печаль!	
9BD977BF4629BEFFE7A2238875ED3CCE	Sad...! Sad!	Печаль...! Печаль!	
6252E83A4B1AC7853C5F7C9059E59E35	Sakura Maruyama	Sakura Maruyama	
8FCFBE9C4AC66F02B78C89B6FA33706D	Sandra Ferroni	Sandra Ferroni	
670C134A4805D985B263D087B4290C18	Save Changes	Сохранить изменения	
AE3A5EA7499C1B15DBE92098A2C825D2	Save resolution changes?	Сохранить изменения разрешения?	
08016A0E4F908B4942A81E9BBF966479	Scroll	Прокрутка	
1C58D6174DA9A79AC724039241B2E9F3	Scroll	Прокрутка	
6D986B554A54526E5FFDB2BB35DA0890	Scroll	Прокрутка	
F0E6487F4057981DC4528CA813DFF997	Scroll	Прокрутка	
F2310F4A4AADEBF337FD9C9F73EA3E4E	Scroll	Прокрутка	
17A30E5F459B9C5BF714559A11943F21	See us...	Увидь нас…	
EC24816B42E21A76BE54FA9DA47ABD77	See us...!	Увидь нас...!	
4725ED8943350F18C52C8691E3C6BAEF	See with your eyes.	Зри своими глазами.	
1B66681C4F2972FF00AAC6BDF613CAB2	See you down the Midnight Walk.	Увидимся на Полуночной Тропе.	
FFAB08DF40DBFD29437ABDA37F8453D4	See you down the Midnight Walk. And...	Увидимся на Полуночной Тропе. И…	
A2A395C247695F2EA7D7CAB86C825F50	See you down the road.	Увидимся на дороге.	
E1B821FC4CE99099BF86448C37E9759A	Select	Выбрать	
746EE3CB44513F9C8C2D8A8845E7D0A0	Select Preferred play mode	Выберите предпочтительный режим игры	
48547C16464A0B38402923AB03A544C0	Send Potboy	Отправить Горшочка	
23F3DCE74A830DFE30765DB748150546	Send Potboy between covers when the wind is not blowing.	Переправляйте Горшочка между укрытиями, когда ветер не дует.	
EC525D01415D341EB783109109AFC3D7	Send Potboy from cover to cover to keep him safe from the winds.	Отправляйте Горшочка от укрытия к укрытию, чтобы уберечь его от ветров.	
2F36B88D404B712246CBA6A4427DD59C	Send out Potboy	Отправить Горшочка	
45B476F644F2FAFC443059B838A07498	Send out Potboy	Отправить Горшочка	
6292A9E4448EE38D9EF59B913DB70409	Send out Potboy	Отправить Горшочка	
C8D38F4344E4BD1E2FE15BA5430BE341	Senior Account Manager	Старший Менеджер по Работе с Клиентами	
1DE4D7D1417A786F1FEFD184DEC5A601	Senior Audio Designer	Старший Аудиодизайнер	
4DE5322D4FEFF6FA7D52E9A2DB0FB506	Senior Environment Artist	Старший Художник Окружения	
797CC8344B9377893A4D07AE49E597AE	Senior Game Designer	Старший Геймдизайнер	
6F9ECA0242FBE90A82FA99BFE528E327	Senior Marketing Manager	Старший Менеджер по Маркетингу	
93F5D95241CD54BC14EFF9B044AD2B74	Senior Release Manager	Старший Менеджер по Выпуску	
D13FBEFA453ABD02AA04B18D92385BE8	Shall... grant you passage through our fair Nobodyville.	Хм... дарую тебе проход через наш славный Бестеловилль.	
10179CAA45231769205318AE2F60082B	Shame!	Позор!	
935C4363477B545938AF7BAC6852352E	Shame!	Позор!	
5C1B23574EDB3CB46BBFE596298F087C	Shame...	Позор...	
E82CAAC3448C6E4D40221B883E3B6CE1	Shame...	Позор...	
62A9A5F5425293CC2C8370A71E195497	Shard of Trinity	Осколок Троицы	
2B828EE743AE6CF428709295075C3126	Shard of the Heart	Осколок Сердца	
DA2DB4084A3044440FBFA280FBDDDF35	Shard of the Moon	Осколок Луны	
27449C374D273AB2F702E8A6161BB463	Shawne Benson	Shawne Benson	
31546F9F4509E8A3114AB789D6C1187A	She barely escaped the mob, but they followed her burned matches home.	Она едва спаслась от толпы, но они проследили за ней до дома по сгоревшим спичкам.	
1719804D4B84CB8B7EAD38BF597A2DC5	She came back one day from a long while of rock-picking under the gnarly trees.	Однажды она вернулась после долгого собирания камней под узловатыми деревьями.	
C78AC8EC4571879D9171868BCED08737	She does not deserve the crown.	Она не заслуживает короны.	
B0E1779342306F3885064681721F2FC8	She greeted the creature with a quivering voice and, unable to restrain herself,	Она поприветствовала создание дрожащим голосом и, не в силах сдержаться,	
90F8264840245EA5E3A4C88D73FD962B	She had slept for just about a decade - a decent nap by Murkle standards.	Она проспала почти десятилетие – приличный сон по меркам Мёркл.	
46C54CD049580CC95738BAB41DF19B5E	She killed the furnace, so we killed her…	Она убила печь, поэтому мы убили её...	
D224D63F4CDFD1628A9324A5E0AA984C	She knew not if the sun would return tomorrow, in another decade, century, or… never.	Она не знала, вернётся ли солнце завтра, через десятилетие, столетие или... никогда.	
2B04AE8446283033C6B55DBB53EC825F	She knew now, however, that she didn’t need to know. She had the dark and - in it - anything seemed possible.	Теперь она знала, однако, что ей не нужно знать. У неё была тьма и – в ней – всё казалось возможным.	
57F2162F48C6F6CF706134802757E7F8	She let me sit there, alone. And I sat perfectly still	Она позволила мне сидеть там, в одиночестве. И я сидел совершенно неподвижно	
7FF250514446F8919862E1806499F81F	She sees us...!	Она видит нас...!	
531DB81C467DF93C28AAB5A38F9ED555	She smacked her dry lips, looking forward to what the new dawn had to offer as she	Она причмокнула сухими губами, предвкушая, что принесёт новый рассвет, когда она	
4819D5DA4CFECE07FF1E21B2C773D0E7	She spent her last match on a final message across the dark.	Она потратила последнюю спичку на прощальное послание сквозь тьму.	
5081B2064CF676F47BC6418B2282FE97	She took an hour's nap then and there - the blink of an eye by Murkle standards.	Она вздремнула там около часа – мгновение ока по меркам Мёркл.	
522F22AC4AFD54BC1EF6A2A31DA2BB5B	She was his friend, he was his mentor.	Она была его другом, он был её наставником.	
5D399B524B1554A5354B738360C0E525	She was miserable and found comfort in fire.	Она была несчастна и нашла утешение в огне.	
F897855E48A5468363680B949C8D02A9	She was there in the beginning.	Она была там в самом начале.	
B5761AF94779AE809EE44095D1198AE2	She went on to find warmth somewhere else...	Она ушла искать тепло где-нибудь ещё...	
5A0E25874594E6692C3D89981EDD44C1	She will be there to gobble up the embers… Hoot!	Она будет там, чтобы поглотить неугасших... Ух!	
943C385E440A5995C927AB90A5D397CD	She will be there to gobble up the embers… Hoot!	Она будет там, чтобы поглотить неугасших... Ух!	
F7E25E7A4173F84BFFD2979973E70D82	She will be there to gobble up the embers… Hoot!	Она будет там, чтобы поглотить неугасших... Ух!	
FBEF7AE9452BFC7A581BE2BA6939F641	She will be there to gobble up the embers… Hoot!	Она будет там, чтобы поглотить неугасших... Ух!	
440C84CB483A8A2D5BCE7380E4534EE2	She's here!	Она здесь!	
15F2F52D4ECEC246D3BE93B7641558B3	Shellphone Collection	Коллекция ракушек-звуконосцев	
1022C24248BDB53D16363683D162D8B1	Shellphone recordings	Записи ракушек-звуконосцев	
21BB4F5F47070C8E14C298AD04091440	Shellphone recordings	Записи ракушек-звуконосцев	
A7BE2ADC4F50FC197BEAFD9C8CC16521	Shellphone recordings	Записи ракушек-звуконосцев	
BB7F2C23499F985C60CB14B0D5FCA741	Shellphone recordings	Записи ракушек-звуконосцев	
A00EC748412AFCA5F4C9EBB75C37D611	She’d never been much for company, until she had met the other one.	Она никогда не была общительной, пока не встретила другого.	
73C4285D45D193B7C933A8B939CD9FA6	Shh, it's starting!	Шшш, начинается!	
54B3ABE0495BBF6ED4467990AAF5A754	Shh... Listen, do you hear it? A song, I fear it...	Шшш... Слушай, ты слышишь это? Песня, я боюсь её...	
451C9FCD420BF34FB23C78B1AB5A2444	Shine a little light on things?	Пролить немного света на происходящее?	
5F60C67C46AAFBD66E3667975DAC1E68	Shoot things	Стрелять в вещи	
B80A63AC4E03124880959D9428E3A7C8	Shoulda been long dead with the rest!	Должен был давно умереть вместе с остальными!	
67BD9B2F49EBDEA415795A92EEEB9878	Silas Iversen-Redmalm	Silas Iversen-Redmalm	
5A3CFE6349661449692B468295674FCA	Simply unheard of! (Grumbles)	Просто неслыханно! (Ворчит)	
318B23BD4CCBB634A07055A41EDF9B49	Sisteeer!	Сестраа!	
2C3611854E8A38B12C940EA97FFCB247	Sisteeer...!	Сестраа...!	
B774D1E84E7632E07E09CCBD2DE30773	Sister, come back!	Сестра, вернись!	
72EDBB2A4DAAE304B14FE8A5367B7E1E	Sitting	Сидячий	
181D9D804109E2D2BFD5729C5994FA7D	Small and flickering...	Маленький и мерцающий...	
AA6D8D984F836A348EA4AAB12417B67C	Smile though your heart is aching.	Улыбайся, несмотря на боль в твоём сердце.	
3A41AA2343B213174E58DBA37A7B30B6	Sneak	Крадитесь	
30B595704907B279F8DADCB1123EA532	So busy with her search for answers, ever since she’d left home she’d completely forgotten to look up.	Она была так занята поиском ответов, что с тех пор, как ушла из дома, совершенно забыла посмотреть наверх.	
AC8876B0476A4FF9FAEE688E64955FB5	So do not despair, should you once again	Так что не отчаивайся, если ты снова	
5BC71A7C466EA48825B16180770437F3	So glad to see you back on the move.	Так рад видеть тебя снова в движении.	
EBDC595A4D95A11365F18589D01EC49F	So if you are intendin’ to walk the walk, you better–	Так что если ты намереваешься пройти тропу, тебе лучше–	
89EA2716472A09F7653A6A91E7CC6E88	So much… guilt...	Так много... вины...	
3CF61391421FF2134CC95A83E389C771	So sad! (Caws)	Так печален! (Каркает)	
49EFC4304507F7E3119AF1BBE9BF6691	So selfish!	Так эгоистично!	
F42211FC4D874D6312F57C993BE010F1	So selfish.	Так эгоистично.	
6103A7B44F59DB7B4116E3AD932DF42D	So uncivilized.	Так некультурно.	
9FD8C75042B7A72A01EA9299E76239BC	So we banished them.	Так что мы изгнали их.	
5EDDDF1E4C874CA068400BB8815F17EE	So-so-so upsetting!	Так-так-так расстраивает!	
F79436A145AA344200A0C39DED66B4AB	Sofia Lennhager	Sofia Lennhager	
C43BE19A4FCFA999D4A9458B704D3931	Soline Moutel	Soline Moutel	
72785A2B46409B9CBE33B79B74E73524	Some folk certainly know how to talk the talk...	Некоторые люди, конечно, мастера говорить красивые слова…	
A1CB546340A562E7A3CD7485733BB4C8	Some long for it so hard they go looking for it in the wrong places.	Некоторые жаждут этого так сильно, что ищут его не там, где следует.	
BA905EFA46C7495C44C728B4C4C32E0B	Some say he was one of the first sculptures to have breath.	Говорят, он был одной из первых скульптур, обретших дыхание.	
60C96112477EB66CF013F99C6EC576D9	Some say he’s not from around here, but from another Maker’s worktable entirely.	Некоторые говорят, что он не отсюда, а совсем с другого верстака Создателя.	
0823D4F742F2353D7480F7B309B10333	Some say he’s seen what lies beyond Moon Mountain.	Некоторые говорят, он видел, что лежит за Лунной горой.	
1E8FF0124283129A477A33B2C87B7291	Somebody, find the shards, mend the cauldron.	Тело-век, найди осколки, почини котёл.	
67C3D5814C5923D78F0548957C188BDF	Someone was fascinated by the Crawlers.	Кто-то был очарован Ползунами.	
26D2B3C04D3AE01E36EC1781B0266C53	Somewhere closer to Nobodyville and away from... here!	Куда-нибудь поближе к Бестеловиллю и подальше от... сюда!	
05C995C54007DB56770567BDE8182C1B	Song Catcher	Ловец песен	
D41A8362409A96A7DAEB0EBB506998B3	Sony Interactive Entertainment	Sony Interactive Entertainment	
EBE058E34B99A5C7E9D04BABA0F75EF6	Sophie Watson	Sophie Watson	
21E7D0DA4580FE02FF3E949426E4DAD2	Spanish (Latin America)	Перевод на Испанский (Латинская Америка)	
8F621264433BDA7ABEBEB3BB2EFD0481	Speaking of sense… will you help an old bird find some in this story?	Говоря о смысле... поможешь старой птице найти его в этой истории?	
03B5FA014EAD1A8FF721E5B20AAF0BC6	Sprint	Бег	
3B5B5DAF4F0EB850323173B2C933C660	Sprint	Бег	
415DB3A441D77CF49E2F7D92FD2A5412	Sprint	Бег	
8779BAA946FEBD701C685C903C070619	Sprint	Бег	
FE2C66D34B1594CB8E7BC69E34B1B495	Standing	Стоячий	
F018E25449BBF06D111D2BA5EAC48975	Start	Начать	
3DEB32C044D0BBD4BAF42D97DE30C449	State	Состояние	
DA81B1FD46585465AC2CC5B82F8E68F1	State	Состояние	
A16D642F47F474AA6160B28C42E1DF0A	Stay close to Potboy's flame to avoid freezing to death.	Держись ближе к пламени Горшочка, чтобы избежать смерти от холода.	
5714348644F1EDF3265016BF37BB7E79	Stay still to calibrate	Оставайся неподвижным для калибровки	
E92020134BE7FB4295C728B69D2E0979	Stay still to calibrate	Оставайся неподвижным для калибровки	
774DD0EB4C8BA5562475098C15B4F1A6	Stefano Moreno	Stefano Moreno	
9A9AF4884665B3CE0D2D7CB9929E2E56	Still here? I thought those fancy	Всё ещё здесь? Я думала, эти твои модные	
98787AD649FA235D5AC6CAB08A007964	Stop	Остановиться	
00FD89304410248E3C064FA9E14C820A	Stop that...!	Прекрати это...!	
C5495D4F49CA247DCD5FAEB33A55BA4D	Store things	Хранить вещи	
DBC79D134010BA25F21F7991ED19C995	Stories. How I cherish them.	Истории. Как я ими дорожу.	
3824367B4FC02768EF8CE58F6B3B1B5A	Story	Сюжет	
6E03EBCC4155589723C9168BDC081CD8	Story	Сюжет	
DE2F2A2F44D1B7F322826BA6F4E487C1	Story & Worldbuilding by	История & Создание мира от	
8F54E86046416341F209D6B89BCC2248	Story Pages Collection	Коллекция страниц истории	
0ED74AEA4833569B7AA36896087BA051	Strange... but he’s in no hurry.	Чудной... но он никуда не спешит.	
7BEE08F8445A39F4F05B41897F4957FA	Strong winds will blow Potboy's fire out.	Сильные ветра задуют огонь Горшочка.	
B3C4C155418F99B9CF7746A706178C6B	Subtitles	Субтитры	
E4B6C7A64B1B5F7E63047B8FAD8AFEFD	Subtitles	Субтитры	
AB97DEDD4115FC52D0F4BCB140B99E04	Success	Успех	
10000668436A3193E132C3A0D6F65715	Such a waste, such a shame, I... I wish I could hear her sing again...	Какая потеря, какой позор, я... я хотел бы снова услышать её пение...	
510055094B0102EDDE05B48E1A8F9CE7	Surrender	Сдаться	
BFA77CAB4D959A855AC35998B687A707	Switch to flat screen	Переключиться на плоский экран	
BFDB674F4C116B89CDE3AC903141B9EF	Switch to VR	Переключиться на VR	
B0DC861A4964E1770FB36E935514E7D8	Szymon Stajszczak	Szymon Stajszczak	
1A0486FC4B28BE13FC970CBEF9F865C8	THE MIDNIGHT WALK	ПОЛУНОЧНАЯ ТРОПА	
EC515EA44296DAF352D27089DD596B9E	Ta for now! She’ll see you in the light.	Ну всё, спасибо! Она увидит тебя в свете.	
D51ABD6C413A86DF53564D99519E120C	Tab	Tab	
5FF7E6194745A027D5CF568BD22E721C	Take me back to the Nobodyville, please!	Верни меня в Бестеловилль, пожалуйста!	
A91D22C04523BE7FD57DB18FFA852882	Take me back to the Nobodyville, please!	Верни меня в Бестеловилль, пожалуйста!	
F48893BA4370F214B58693B5CB4E4A48	Take the shards! Take the fire!	Забирайте осколки! Забирайте огонь!	
C08AFB814E74BA5D9426DBB37148B78D	Tale of the Burnt One	Сказание об Обожжённом	
852F8D60458F4F67A4F6AD98816AF505	Talking to monsters had never been any Murkle’s forte, but this meeting proved spectacularly disastrous.	Разговор с монстрами никогда не был сильной стороной Мёркл, но эта встреча оказалась особенно катастрофической.	
C502E79A4C7D4DD0D1AF8FA4BAE722FF	Tame the Molgrim and we will--	Укроти Молгрима, и мы--	
B86E564A4510086F4CED4787A9D41934	Tasty tales...	Сочные истории...	
63B9293D4C20F8FE2D1139AF39E958F9	Tech Artist	Технический Художник	
E83580A6435F36E9E5D348A7132D2597	Technical Account Manager	Технический Менеджер по Работе с Клиентами	
519615F14489BDD70D2EA5BB8C0D05B1	Test	Тест	
C60A0E334A7944970EF31BAADFF4BDD4	Test	Тест	
600EB06348A6B51C764606ADBBA20D33	Test Associates	Партнёры по Тестированию	
2026A68B4E0C307DAAB7F49565B9385A	Test Director	Директор по Тестированию	
76CF5E74411552F310B8A6A028D52D09	Test Lead	Руководитель Тестирования	
944DA18643E45F66C48A159BC02D6889	Test Manager	Менеджер по Тестированию	
D51B1B49436DBFA3AFD408998C5F65B1	Text	Текст	
D8DA24F9459907F3E26A2BAC5260E2B9	Thank You For Playing	Спасибо вам за игру	
FDE92DAC448C3984C624428FA5EDFB11	Thank you for joining us on The Midnight Walk.<cf>This game is a handmade tale, shaped from clay, cardboard, and dreams. <cf>We recommend wearing headphones as certain game mechanics rely on spatial audio.<cf><cf>Enjoy the journey.<cf>Klaus, Olov & the Moonhood team<cf>	Благодарим вас за то, что присоединились к нам на Полуночной Тропе.<cf>Эта игра — рукотворная сказка, созданная из глины, картона и мечтаний.<cf>Мы рекомендуем использовать наушники, так как некоторые игровые механики<cf>полагаются на пространственный звук.<cf><cf>Наслаждайтесь путешествием.<cf>Клаус, Олов и команда Moonhood<cf>Перевод на русский язык — Dontaz	
7D4BA0C2437BCEA2F191E7ABA2609C41	Thank you for playing.	Спасибо за игру.	
EABD8F78463356C8B8F820922D9BE91B	Thank you, Somebody, for you have not only gray… gresh...	Благодарю тебя, Тело-век, ведь ты не только вели... любез...	
D211F51C42B4584EDC908C897F0E44A3	Thank you.	Спасибо.	
027FC2674D61CE8B157B1BB9F2AB9D44	Thank you...	Спасибо...	
32E584B3478A9C016B1C42B72617CAD6	Thank you...	Спасибо...	
52A36E3645AFAAE2D0062EB2E502F00F	Thank you...	Спасибо...	
677424074E89C31E240C83AD2FCCE2D9	Thank you...	Спасибо...	
593882A84EEFB38ADE7DABA28433DD0F	That Furnace was the soul of the city,	Та Печь была душой города,	
12B958E643F8630BB665A591324D969D	That fire won't survive the Swamps...	Этот огонь не выживет в болотах...	
16FA336D43681288318913BFD85B8AC3	That night, the Murkle dreamt many dreams. (Listen to the story inside Housy.)	Той ночью Мёркл видела множество снов. (Послушайте историю внутри Избушки.)	
C1A94C474E62D3C2656B9FB6BAF744CF	That thing was meant to remain dead.	Эта штука должна была оставаться мёртвой.	
EF734F32408D68C3172C7A89F84F6FE9	That...	Это...	
DCA8325444D816B4688C8B8BB8192C1A	That’s it, that’s the key!	Вот и всё, вот ключ!	
84223F7E4454E76DF5820F9F4F15F50C	That’s what I get for tryna get in the way of	Вот что я получаю за попытку встать на пути	
E1EEE32D43531D1A332607A834E35DB0	That’s why, in their desperation, the two-legged ones	Вот почему в своём отчаянии двуногие	
D4D24D1B4D5702FEFB6B4F8B27FE84CC	The Attack Of The Somebodies	Нападение Тело-веков	
755F108248F67EEE319A91A641F2C64E	The Bodies might be returning...?	Тела могут вернуться...?	
75ED112F47686DBA3FB65C918FC21ABC	The Burnt One and its flame approaches.	Обожжённый и его пламя приближаются.	
AAE1113849B7A27886F3D68079C9371E	The Burnt One was there...	Обожжённый был там...	
AE165B8C431FD4119816959EEF334FF0	The Burnt Ones	Обожжённые	
9EA3D2A349D2AAF6E87AF8A7641CC5C4	The Craftsman laughs not!	Ремесленник не смеётся!	
7D252E2A40654C5F9B8797BCBAAA33AD	The Craftsman projects it onto his creations,	Ремесленник проецирует это на свои творения,	
07A448B0469FA09878EDB4A40F7E1AEF	The Craftsman's Heart	Сердце Ремесленника	
86FB913A4C4065139BB8069D0D15348B	The Craftsman's Heart	Сердце Ремесленника	
07376E06439670B134DB0FB8E913E633	The Craftsman's Heart, Part 2	Сердце Ремесленника, Часть 2	
234E2E484469DE87C5B5FAAD08F9FFF1	The Craftsman's Heart, Part 3	Сердце Ремесленника, Часть 3	
ECA527EF41FF4A9A1145079348B577E5	The Craftsman's Heart, Part 3	Сердце Ремесленника, Часть 3	
017B7611464EC6EDEE668CB73EC5EFCE	The Craftsman's Heart, Part 4	Сердце Ремесленника, Часть 4	
D8B566214F3F57C40C58CE9409FF1F28	The Craftsman’s Heart	Сердце Ремесленника	
30834BBB42C31A1159D7B1A1E030715F	The Craftsmen	Ремесленники	
C098895C4C72E8E124873A8AD54BF723	The Crawler	Ползун	
1A0A837F4ED6E04B29929187856DFBFC	The Crawlers	Ползуны	
7D8D0D304ACB9D14671712BEC5A28BAB	The Crawlers	Ползуны	
366744A744EBB78067D1A59AD208A2A5	The Crawlers Eat Fire	Ползуны едят огонь	
09CAC8284D3C4949D469A5BFCD0ECFD2	The Crawlers cackled like mad chickens. 'Keep your fire, clayling. Take it to the Dark Itself.'	"Ползуны хихикали как безумные куры. ""Оставь свой огонь, глиняный. Отнеси его к Самой Тьме."""	
A5C017D143DFB942CF28CDBC7EC2E425	The Crawlers eat fire	Ползуны глотают пламя	
A31BF81945745F6E96FE059320152AEC	The Crawlers hunger always for fire.	Ползуны постоянно жаждут огня.	
75E0DBC6410CB42138991185396142A5	The Crawlers’ dinner party. (Listen to the story inside Housy.)	Обеденная вечеринка Ползунов. (Послушайте историю внутри Избушки.)	
00D715DF40B9FFB4C9680780078B837C	The Dancing Three	Пляска Трёх	
6A98FBA94C184BE6C1788793668F44DB	The Dancing Three	Пляска Трёх	
A4E089034D11B33A11005493E3F44FD2	The Dancing Three	Пляска Трёх	
9D4A6E87412643792B03408F6E6CFA66	The Dark Itself	Сама Тьма	
534BE6C647833B0620626887CED61B74	The Dark Itself is hungry.	Сама Тьма голодна.	
37197D8E41EED3BAE6C8D982A3058432	The Dark Itself is the key	Сама Тьма — это ключ	
6EDA8E4040A9DB4865A449906C0F066D	The Dark Itself is the key.	Сама Тьма — это ключ.	
6AD1EECB4871965DFACE7999635B56A9	The Dark Itself is the key. All it needs is a little spark	Сама Тьма — это ключ. Всё, что ей нужно — маленькая искра	
BDCF949D4FC25C417D2CDD97D5A8F3B4	The Dark Itself seeped unchecked into the Worktable	Сама Тьма беспрепятственно просочилась на Верстак,	
E4716C244212C61D0E4E359D679E9183	The Dark Itself waited for a gift of fire	Сама Тьма ждала дара огня	
6BDB90AC46109ED424F3BB88E2C500FC	The Dark Itself will find work for idle hands to do. These bones now yearn for the grave of the thief.	Сама Тьма найдёт занятие для праздных рук. Эти кости теперь тоскуют по могиле воровки.	
E249C64F441F6461225A9FBD4DAAE870	The Dark could be a friend; perhaps a space	Тьма может быть другом, возможно, местом	
64BB5DE14D608E21E5316793E49F6AC5	The Dark could be a moment of clarity and calm.	Тьма может быть моментом ясности и спокойствия.	
C8541A2B4E8D7FF8762DA6A93E67B56A	The Dark could be an embrace and the release of the old.	Тьма может быть объятием и освобождением от старого.	
E9177E584AD7DBE3FE1DACB1E57828E9	The Dark could be the space and time that we need	Тьма может быть пространством и временем, которые нам нужны	
47299C0246A7B03998FEC58C39E3F62B	The Dark is hungry	Тьма голодна	
82E988854A717EF3784F1F8BEF8E5E00	The Dark then replied: 'I am but the absence of light, not its adversary.'	"Тогда Тьма ответила: ""Я лишь отсутствие света, а не его противник."""	
E4EEDE84454D2C6F021F82A36C31E28F	The Daughter	Дочь	
9852E87D426511370BB3A9888E34325B	The Daughters	Дочери	
44D53BA9436FE10B53875EB98D7EDB96	The End	Конец	
AFD85EC74E6B54F9080ABF94C93BFB4E	The End.	Конец.	
05F012C94647499659E603BAA29852F5	The End. (Listen to the story inside Housy.)	Конец. (Послушайте историю внутри Избушки.)	
EEEDEC0B4BDC4A63C991F99D3E8C3FFC	The First Sun	Первое Солнце	
DD9F5345491D7E5EAE6C1F87EBC55E87	The Flame	Пламя	
07CB96A34AF0E0E1CAD11E97499DE6B4	The Furnace. It longs to burn once more.	Печь. Она жаждет гореть вновь.	
99FDC9074FE629BA511F44B6E25FD179	The Ghost of Coalhaven	Призрак Углеграда	
94D7B32B466936338B0177B9D4958D14	The Great Beheading	Великое Обезглавливание	
C9354BAC46FEF5B1BA8D24844B73920B	The Grinner	Оскальник	
B8D1367E483EDDB1F454108AB1BD87F4	The Grinners	Оскальники	
3611213847B064EEE882039B0B767B56	The Groundskeeper	Смотрительница	
FC6CE6E1451D36EDD1B1ECB49E9314E2	The Groundskeeper	Смотрительница	
D389C2F84379086A313D468E6949CBE8	The Groundskeeper’s daydream.	Грёза Смотрительницы.	
537FDA994F6B89FCB6CD868272BB0346	The Headmaster	Главноголов	
6C7AE0FC40E521DBCAA10F9E2CC9F180	The Headmaster may have gone bonkers for bodies	Главноголов, возможно, обезумел от тел	
C4463DB24968639A5E8FE18B92A6EC1F	The Headmaster may have gone bonkers for bodies,	Главноголов, возможно, обезумел от тел,	
96A909DB460E533D580DE4B6F13402BE	The Headmaster will decide. Enter, then.	Главноголов решит. Входи же.	
DF360E754F96DA8D5B09E9A4F9526584	The Headmaster’s Key to the City	Ключ Главноголова от Города	
4A2A06334B0581EAC906C4A10CAE1351	The Key Critters steal keys. Close your eyes and listen for them, and chase them until they give up.	Ключники крадут ключи. Закрой глаза и прислушайся к ним, и преследуй их, пока они не сдадутся.	
4DB3F1A64452479D2E94958D362202A8	The Last Somebody	Последний Тело-век	
586C99784E668FC3A5844682B4CC4503	The Loathsome Molgrim	Отвратительный Молгрим	
6FBB59124099ED2276EE92A5EFA55848	The Lullaby	Колыбельная	
28DBB29E4AA92834CB2A5180FA4EC025	The Midnight Walk	Полуночная Тропа	
AC10ACDA42A444A1EC5476BADBAE2F1A	The Midnight Walk	The Midnight Walk  {Перевёл — Dontaz}	
F04D466C426134C1171B89BF32283557	The Midnight Walk!	Полуночная Тропа!	
A86005DD4FA989C19DAF468540E49181	The Midnight Walk...!	Полуночная Тропа...!	
608D86D741F12999EF21BF951635A881	The Midnight dance.	Полуночный танец.	
A0FC93B94E5F8B4596B7638FE4129D6F	The Molgrim	Молгрим	
D8AED8B144328D16F350F092A2D84BA4	The Molgrim	Молгрим	
EA0B3C4B427AD9D0BD675188590444F1	The Molgrim? Oh no, oh no...	Молгрим? О нет, о нет...	
69F0A5644A1F57E69FBB6F9D3E14F3A9	The Molgrim’s precious shards. They must be returned to her lair,	Драгоценные осколки Молгрима. Они должны быть возвращены в её логово,	
9E96141F4861919ED03DE7A32380BE0A	The Molgrim’s precious shards. They must be returned to her lair,	Драгоценные осколки Молгрима. Они должны быть возвращены в её логово,	
2A2EBCD243A188404770ED881FE30F00	The Moonbird	Лунокрыл	
3F9B3BBB48DD58FB739218A72BC6908A	The Moonbird	Лунокрыл	
26BAC0D946D50E9CAF9207B7AB334E97	The Moonbird has long known about the troubled Burnt Ones.	Лунокрыл давно знает о встревоженных Обожжённых.	
469306104D0E5D97EF8806AD6722F05E	The Mountain once again beckons, and the call is answered.	Гора снова взывает, и на зов ответили.	
F192B90B4CA3D55D1223E18C9C641BEA	The Murkle and the Dark Itself. (Listen to the story inside Housy.)	Мёркл и Сама Тьма. (Послушайте историю внутри Избушки.)	
4B62E26E4C382A12AECD79BC9DB907DE	The Murkle dreamt many dreams: Of the mysterious moon and the critters living in its craters,	Мёркл видела много снов: О таинственной луне и тварях, живущих в её кратерах,	
48535784455408DC6CD1818D0983038F	The Murkle felt her anger fade. She understood little besides one thing:	Мёркл почувствовала, как её гнев исчезает. Она мало что понимала, кроме одного:	
8581AACF48D4D158E8497D9C74E7E6C5	The Murkle gathered her courage. 'I am looking for the sun'.	"Мёркл собрала свою отвагу. ""Я ищу солнце""."	
11CCB0D24ED9DF37E187C18F0C2D0408	The Murkle had never felt so empty and alone. Lost in quiet despair,	Мёркл никогда не чувствовала себя такой опустошённой и одинокой. Потерянная в тихом отчаянии,	
7FF5BBF54939750470E82EBFF24AB6F3	The Murkle had taken a nap that lasted two decades. (Now that counts as oversleeping even by Murkle standards.)	Мёркл проспала два десятилетия. (Это считается пересыпанием даже по меркам Мёркл.)	
B75171094761CC1E5C8D80B9F56B297E	The Murkle was alone in her questions, but then again she wasn’t.	Мёркл была одинока в своих вопросах, но, с другой стороны, это было не так.	
1383DB6C48F3EC8456803997579A20AB	The Murkles are sun-loving beings who are afraid of the dark, yet there are several tales of Murkles who dared to seek it out anyway.	Мёрклы — солнцелюбивые существа, которые боятся темноты, но есть несколько историй о Мёрклах, которые всё равно осмелились искать её.	
BF3BD1884F70553FFADEF1ADDF14AF6B	The Murkle’s complementary nap. (Listen to the story inside Housy.)	Дополнительный сон Мёркл. (Послушайте историю внутри Избушки.)	
F14870E24898EBC58813FD86F960689E	The Murkle’s journey began. (Listen to the story inside Housy.)	Путешествие Мёркл началось. (Послушайте историю внутри Избушки.)	
01FEC3684D0655F6C3BBD29ACDD3EAC0	The Old Man	Старик	
CA5FCE3C4D3F824ABD334F926504D99D	The Ragdoll	Тряпичный человек	
916AA13E45C44D9F9B289597544D8371	The Ragdoll by the Furnace	Тряпичный человек у Печи	
ABBDE2904E5D7179F4BF2BB0D17ACBB7	The Ragdolls observed the invasion of the violent Somebodies.	Тряпичные Люди наблюдали вторжение жестоких Тело-веков.	
F6102E444D8F7A12439162B6A6068BC6	The Ragdolls whisper of one shard, kept by the Dark Itself.	Тряпичные Люди шепчутся об одном осколке, хранимом Самой Тьмой.	
6BE36DB04874B92E2824E9B355D8247A	The Rite of Fire	Обряд огня	
86025DD64A08698C97C295838A6084A3	The Runaway Head	Беглая голова	
0495330B4025AF528B8B02A3167577A4	The Soothsayers	Вещуны	
566F1E514DF618859324C5B9CD4FA14F	The Soothsayers	Вещуны	
97F3B3544D81BB464D847B93834A4577	The Soothsayers	Вещуны	
616B5675405F31B86DAF79968E5CB715	The Soothsayers from another Maker’s worktable. Once destined for great things, but now gone without a trace.	Вещуны с верстака другого Создателя. Когда-то предназначенные для великих дел, но теперь исчезнувшие без следа.	
05E8537E48C0DFC64159D2AE79D62D11	The Soothsayers have spoken their last words.	Вещуны произнесли свои последние слова.	
116B48144F68F92D4084E9B6353C5ABA	The Soothsayers have spoken.	Вещуны сказали своё слово.	
2820810741FA01224C4E31A69D78B914	The Soothsayers have spoken.	Вещуны сказали своё слово.	
36DC7EEB4DE1D8F3721A2DB701A1D26E	The Soothsayers have spoken.	Вещуны сказали своё слово.	
BACF860B4930A3004F806B8450FB5633	The Soothsayers have spoken...	Вещуны сказали своё слово…	
09EE871E415C23BB3FFD36AA433536A6	The Soulfisher	Ловец душ	
7D8C455443FAADE2AC6B22BDBED8723B	The Soulfisher	Ловец душ	
B9D895DF4A2088226C3B259224E21EDE	The Soulfisher lifted his banjo to play, but stopped himself when a song sounded from the darkness.	Ловец душ поднял свой банджо, чтобы сыграть, но остановился, когда из тьмы зазвучала песня.	
5C42332D4308CAFB31A146BA858D5A33	The Soulfisher's Secret	Секрет Ловца душ	
67586EC3475984A42F0756BADC5D70C8	The Soulfisher’s Secret	Секрет Ловца душ	
B2382F844CF4EE475D7857987EF74725	The Soulfisher’s advice. (Listen to the story inside Housy.)	Совет Ловца душ. (Послушайте историю внутри Избушки.)	
0FE9F16B498EC60E596597A6C82080DE	The Spark	Искра	
D7AC4F064FB8FA8FF35E39BB2DD8F97D	The Spark	Искра	
CF3CDD1B46309DBC1EAD56A601837794	The Tale of Coalhaven	Сказание об Углеграде	
C873CD484403AF3F2AF0E39736E7407F	The Tale of Moon Mountain	Сказание о Лунной горе	
43B8C2F442E4181194BD229CA7851328	The Tale of the Craftsman's Heart	Сказание о Сердце Ремесленника	
4DAB7EB04665DC23FE6708B92E522FA8	The Tale of the Dark	Сказание о Тьме	
16AC3B27457467E7D196D5A8342E0E84	The Tale of the Loathsome Molgrim	Сказание об отвратительном Молгриме	
80E6344B42F80451E759A1BF8929803E	The Thief	Воровка	
590A40CB4D556F4197AA87A31C177F74	The Thief / The girl with the matches	Воровка / Девочка со спичками	
1EEBB6A44E08C5239FEDFB8D4E9BC693	The Thief and the old man shared this song in friendship. But after that terrible night, it turned into a prayer for forgiveness.	Воровка и старик по-дружески делили эту песню. Но после той ужасной ночи она превратилась в молитву о прощении.	
3C3152954A14269061E68E9E01F3E716	The Thief loved the stars…	Воровка любила звёзды...	
ED0665AB4E47888247AA6F9DEBBAD702	The Thief’s Lullaby	Колыбельная Воровки	
1AB3517247B46742A3220A83C9A630C7	The Unhappy Craftsman	Несчастный Ремесленник	
9B3FA0E54CD7D30DC849FC8CEDF1F4A5	The Warm Void	Тёплая пустота	
0EA1030247661AA3479DAF8625E14B68	The battle ended with the Great gruesome Beheading...	Битва закончилась Великим ужасным Обезглавливанием...	
6AC249D04D035998E7B0EC982EF0C727	The blanket... remove it...	Одеяло... убери его...	
9EA6921C45A8CDFE44C870AE323A40CF	The blanket... take it.	Одеяло... сними его.	
0185291642ECB03B7E33F79B63520EFB	The bodies dance, their approach over the mountain vain and violent.	Тела танцуют, их приближение над горой тщетно и неистово.	
FBB5EF164BE3DF057CA865BF7CD89C3F	The bodies might be returning....!	Тела могут вернуться....!	
1B80C8B948A4F2B4BB7DEB99984F61FF	The bodies...	Тела...	
1E27B853474953335CD099B8A4E380DC	The bodies... they march.	Тела... они маршируют.	
5D58CBD84D232174DA1B138200BA9CBD	The bodies... they march.	Тела... они маршируют.	
4807CFFA4418AFA1DC8A55B902EE849C	The bodies... they...	Тела... они...	
30555D74403DF05CE5458CA02782D064	The body can be a terrible master…	Тело может быть ужасным хозяином...	
228DA53642A145F1CBE294B77D4A5587	The body can be a wonderful servant...	Тело может быть чудесным слугой...	
E9FB3E5445209BCF5B20CF9836E62A65	The bone...	К кости...	
4D2CD4C44CC23DD75D42AAAC1BAE211E	The bones are longin’ for their grave…	Кости тоскуют по своей могиле...	
A93F000F42CF657F16A36FAA3ACC30C1	The bones of the thief	Кости воровки	
C4D331B347688C772F8BC7B0849A2276	The burnt matches lead to the house...	Сгоревшие спички ведут к дому...	
2474D3A34C2B0E84B05C15A5787B5AD8	The candles have not been lit since before the Great Beheading…	Свечи не зажигались со времён Великого Обезглавливания...	
ABD6231C4D182082D9CB209CEC133DDD	The cat didn’t like the crone’s crude pettings - her hands tugged at her fur.	Кошке не нравились грубые поглаживания старухи — её руки дёргали за шерсть.	
B341D30A452BEBE690BDBCB2D48D586A	The cat felt as if the walls around her were growing taller,	Кошка чувствовала, будто стены вокруг неё становились выше,	
85B0C0F146FEC24462EB8AB68EB96A92	The cat finally settled in front of a giant, burning Furnace.	Кошка наконец устроилась перед огромной, пылающей Печью.	
39EB42D5436C4A9548F678A75F4C1D68	The cat was quick, and escaped just in time.	Кошка была проворной, поэтому успела вовремя сбежать.	
833307E84397EB63A7CE8082AC30356E	The cave. (Listen to the story inside Housy.)	Пещера. (Послушайте историю внутри Избушки.)	
D8CA74C14945BCE0AE4A6385551101A1	The cold takes its toll and Potboy’s flame flickers	Холод берёт своё, и мерцает пламя Горшочка	
A60D484C4E2F1A6AA7F31A9BC7DEB494	The crooked path to the house on the hill lies open...	Извилистый путь к дому на холме открыт...	
04A100EE4444A4CE76B6FCB1EA139EA2	The curse of Coalhaven is ugly and vengeful...	Проклятие Углеграда уродливо и мстительно...	
983081034142B00C1E9EC99C5E606456	The dance. (Listen to the story inside Housy.)	Танец. (Послушайте историю внутри Избушки.)	
B18CE7C74FFE6142A4A12C92B46EF31B	The dark held her in a blanket of nothingness that was cold and warm at the same time.	Тьма держала её в одеяле небытия, которое было одновременно холодным и тёплым.	
D3B396F34F589D565AD158A148652496	The dark is the key	Тьма — это ключ	
867604FF404A3DC70F41EC8F9AAAB6F8	The dark’s eyes were much too big and watchful for the cat’s liking.	Глаза тьмы были слишком большими и внимательными по мнению кошки.	
747D15A444EBFBE1926A47961BED632A	The daughter did not wish to rule...	Дочь не желала править...	
F9BC277B413AFED40DB366AF323C3F10	The daughter did not wish to rule...	Дочь не желала править...	
EED48CAB4DEF2BA15518C8ABBB478F72	The dead of Coalhaven	Мертвецы Углеграда	
49AD1BCB43F960C9FDF0BB848532FC14	The father hoped the daughter would fill his heart with fire	Отец надеялся, что дочь наполнит его сердце огнём	
0B46635C48BE5FB407828BAA8C96A388	The fire has gone out, but in our minds it still doth burn.	Огонь погас, но в наших умах он ещё пылает.	
F748FAF1410FC87D4B9948B3FA339396	The fire is dangerous.	Огонь опасен.	
7D50861A4CC9F14FC5EC65A2F216F2D4	The fire is ours!	Огонь принадлежит нам!	
480BB3F0430DBF21A0F495BDAC877B9D	The fire longs to be free.	Огонь жаждет свободы.	
093A04624A6E096872CFBEA2E24326A4	The fire, did we snuff it out? Where’s…	Огонь, мы его погасили? Где...	
72DD99A94A44DBFB297D2697E55410C2	The fire, did we snuff it out? Where’s…	Огонь, мы его погасили? Где...	
22798850406428969F676196B38FF708	The first two-legged beings did prosper under the first sun.	Первые двуногие существа процветали под первым солнцем.	
9D9767FB4FF007AABEC337A5B5686F7E	The flame burns still, and the fire has spread along the Walk.	Пламя всё ещё горит, и огонь распространился вдоль Тропы.	
06FA408C4A834C2BC15E3C9ABEAE5B27	The flame longs to be free. Caged, it cannot truly burn.	Пламя жаждет свободы. В клетке оно не может по-настоящему гореть.	
EBE4808D47CB62A8E62F109336FD3E3E	The furnace died, so we had nothing left…	Печь умерла, поэтому у нас ничего не осталось...	
0CD33AF04C09C1E2813F0CA0C903EF8F	The furnace is dead...!	Печь мертва...!	
169515394B6DBDAA9FA3359627747D75	The girl loved the fire. She stole all the town’s matches - lighting them like many little stars of her own. If only the village had seen the sorrow she was carrying, before it was too late…	Девочка любила огонь. Она украла все спички в городе — зажигая их как множество её собственных звёздочек. Если бы только деревня увидела печаль, которую она носила, прежде чем стало слишком поздно...	
060A69D9414F7E9F8137B3BEBEEA5180	The girl offered her burning match - her last star	Девочка предложила свою горящую спичку — свою последнюю звезду	
59EB77C541A23EED1E2C01ABE948774A	The girl with the matches hid under a blanket when they came for her. The fire took her home, but it was the bitter cold of loneliness that transformed her.	Девочка со спичками спряталась под одеялом, когда за ней пришли. Огонь забрал её дом, но именно пронизывающий холод одиночества преобразил её.	
B5EE00ED4C84BF4973666CB010305761	The heads betrayed us Bodies…	Головы предали нас, Тела...	
8C3240AF40BFB65A197C8D86D22A05D9	The heart is a bottomless pit;	Сердце — бездонная яма;	
5B4A30114824F84408D9578E5F91D665	The hills were looking stranger by the hour; the rocks upon them seemed to move.	Холмы выглядели всё страннее с каждым часом; камни на них, казалось, двигались.	
165355F54303374CFF8CB497A0162C9C	The house... It’s ruined.	Дом... Он разрушен.	
ED8E55B8467D108487481B8192D1A20C	The house... It’s ruined.	Дом... Он разрушен.	
D620EE8F4B7BE363EF61E78522B05DB6	The howls of the Molgrim have gone with the wind	Вопли Молгрима унесло ветром	
3D593A7F4EE6D6BC26FACA8F0702C892	The journey back home. (Listen to the story inside Housy.)	Путешествие домой. (Послушайте историю внутри Избушки.)	
FD52003045459FEBBB6515AF80B2144B	The key. I have to find the key!	Ключ. Я должна найти ключ!	
B774212648107FAFAFD1588AA44E470A	The last living Molgrim had been biding her time	Последний живой Молгрим выжидал своего часа	
C721806844CB5E6DAA588CA77E8F4FA5	The last one… perhaps the cowardly Head knows.	Последний... возможно, трусливая Голова знает.	
0BCAF4744EE5FB377D9E9A927E3CE28A	The light! The light!	Свет! Свет!	
C22A69B340B4DF8FF5E9048A2898B61C	The light, the light...	Свет, свет...	
758BC8C74573FB756087C4A26288EB57	The mad Groundskeeper wasn’t happy when the Craftsman decided to build his project on her porch. But she stuck around anyway, and fell in love with movies.	Безумная Смотрительница не была счастлива, когда Ремесленник решил построить свой замысел на её крыльце. Но она всё равно осталась и влюбилась в кино.	
44F848584139CE42D26829ABE6D17382	The marching of feet in boots…	Марш ног в сапогах…	
914056614DD17552F28EA58E93CA9DC7	The match, light it...!	Спичка, зажги её...!	
06E7DF1E4D04C94B7484A8B0CF203A28	The matches - follow the burnt matches!	Спички — следуйте за сгоревшими спичками!	
9469423B4B73840D940F8193434D66B7	The matches were plenty, and then they were few…	Спичек было много, а потом их стало мало...	
E79B32DA48B7845480BC4292F464CB6E	The miners needed the cat to get rid of the rats and	Шахтёрам нужна была кошка, чтобы избавиться от крыс	
9E30AB994E667B49C6FF3D98F707F8BC	The mocking night sky. (Listen to the story inside Housy.)	Насмешливое ночное небо. (Послушайте историю внутри Избушки.)	
F50A613845F0118AD7ADE28DC44B98AB	The moving pictures are not for you.	Движущиеся картинки не для тебя.	
5424FDB84D959FA6E2AB83ACF72B83B8	The mushrooms whisper of a new bird in town.	Грибы шепчут о новой птице в городе.	
C3D99F514427BCB1F7D83F96C57C1E29	The night that followed would be long	Ночь, что последовала, будет длинной	
E4823D7A49FB6FDE13E7A9A1B39CEE12	The night the Somebodies killed most of the Molgrims and plundered their lair.	Ночь, когда Тело-веки убили большинство Молгримов и разграбили их логово.	
E54FB0174A2D37FF581B32B3B9F18555	The old man feels it too...	Старик тоже это чувствует...	
024DE81D409EF3DE1D74ACBBC62B9F4B	The old man in Coalhaven	Старик в Углеграде	
A778FF4C4DC471C3BCE9D886543C932B	The old man is the one left…	Старик — тот, кто остался...	
DA7E51744BDB2CC2D76C0A90B83A86DF	The old man showed us the way - the way to their home...!	Старик показал нам путь — путь к их дому...!	
B6CD8E824E5D9E520AA86D9762169BDA	The oven...	Печь...	
C75953584AFA0562616D62A80B6F42C4	The past moves...	Прошлое движется...	
03D7D5E54EB51BA918E287949A6E6C63	The past moves...!	Прошлое движется...!	
935B1F2E478E8BDEC2C86AA320B176FB	The potter, stuck in the sinking clay in which he had dug so greedily,	Гончар, застрявший в оседающей глине, в которой он копался так жадно,	
09960F6647FA93B92E07979E8851ECD5	The projectors tell a story of failure...	Проекторы рассказывают историю неудачи...	
F766C8FC43856BB5F91FB8A0BEB1C4E1	The regrets of a Maker.	Сожаления Создателя.	
2BFAFEE440A510CD298533AB918748FF	The road always leads to Moon Mountain.	Дорога всегда ведёт к Лунной горе.	
023E9AED4E79E2EBE9A7D7AE4DC310CA	The road went on and the shadows grew all around her. Was this the Dark Itself?	Дорога продолжалась, и тени росли вокруг неё. Была ли это Сама Тьма?	
8F73DDB741D512CC3C7ADFAE3858F057	The road’s been long, hasn’t it?	Дорога была долгой, верно?	
3506B1DB453BA844B2EB30AECF8D75B0	The sarcophagi are molds, rebirthing the bodies of the Burnt Ones.	Саркофаги — это лекала, возрождающие тела Обожжённых.	
10B997E64ADB36D659B38E84CD6CCA62	The shame won’t keep us warm.	Стыд не согреет нас.	
8C50E925442375D3FE5EFAA1D0DA9F54	The shards of fire; they must be restored to the cave…	Осколки огня, они должны быть возвращены в пещеру...	
F09F106F432EBC6B087981ABAB2C1D98	The shards of that very fire must be returned to the Molgrim’s lair!	Осколки того самого огня должны быть возвращены в логово Молгрима!	
4AA0E91B49F026C57AE56D858EC0C8E4	The singing head hums the cursed tune of the Thief...	Поющая голова напевает проклятую мелодию Воровки...	
196C87814B34BB53BF4AF7BE720D1257	The smallest of things can grow to change everything.	Самые маленькие вещи могут вырасти, чтобы изменить нечто большее.	
487D536240B1AE78061D15ABF01C69F3	The song… all it needs is a little spark.	Песня... всё, что ей нужно — маленькая искра.	
0ECD1CA948CB895F586127BC355384DF	The sound, the sound is very near.	Звук, звук совсем близко.	
626B520041CB4BE1C36B10AA7A0444A6	The stars are always there, behind the clouds.	Звёзды всегда там, за облаками.	
4F9EA3A34E6E7BD075FBE89CDE0A5F48	The stars twinkled in the night sky, they were so many… and they kept her good company.	Звёзды мерцали в ночном небе, их было так много... и они составляли ей хорошую компанию.	
4C5C3AD64588BD0D761914BDAF86DFC6	The story goes of a nameless Maker	История рассказывает о безымянном Создателе	
4E42CFDF4D834A9121C9E6B76ED6601B	The story needs to be just right.	История должна быть в точности такой, как надо.	
A843FDEB43F5BFC3AED4C095F5CE1520	The taskmaster unknown, doom spelled on the flip side of a coin.	Надсмотрщик неизвестен, судьба начертана на обратной стороне монеты.	
96C2FE1C4ADCCF9C8AE3388AA60FD5F7	The thief's left arm	Левая рука воровки	
A615849143774A8740074B8B300FD133	The thief's right arm	Правая рука воровки	
D0AAC7954E2F5BF98AC71099D3FD8AF2	The thief's skull	Череп воровки	
79FB47B34BFF8AA742FFFD9CDF21EEC1	The thief...	Воровка...	
8EEED83A4024DD83B4AD84A1EB56E2C1	The thief...	Воровка...	
E2C2F9B5469DD036B87D23B800A8430B	The thief’s leg	Нога воровки	
AD736287442FC29E450917BB57ADD2B4	The things that we do to ourselves, to one another…	То, что мы делаем с собой, друг с другом...	
8DAEA5DD40C5ADC4C78F54AB06C01D08	The trail of burnt matches…	След сгоревших спичек...	
07610B2D4F863D5D0D913BA6741ECE32	The unusual morning. (Listen to the story inside Housy.)	Необычное утро. (Послушайте историю внутри Избушки.)	
13B05B894BCA4182359565BAE39BBF75	The valley was taken, but then began the Battle of the Bodies	Долина была захвачена, но затем началась Битва Тел	
F7B6C64A4BBB9BA6610604A1204CFA62	The wanderer asked the Craftsman	Странник спросил Ремесленника	
A669E4184E3092B31F246AA99867C6CE	The waters dried up, birds went quiet and	Воды высохли, птицы затихли, и	
BD6A9E5843C1A2CE53F193AD352047AF	The well thirsts for fire...	Колодец жаждет огня...	
A784D28344CDEC8AB2099BBC0CA1EC78	The wind blew cold in the cave, its whispers strangely soothing to the Murkle.	Ветер задувал холод в пещеру, его шёпот странным образом успокаивал Мёркл.	
A156038F41BC3DE9B8AD4FA0C468A91B	The.	Суть.	
AD9BEB4842FE3E889FFB4BB7EEDDCB69	TheSpark	TheSpark	
1536639140D0D7465FCA52934B87B1B8	Their eyes so big, their smiles so hungry...	Их глаза такие большие, их улыбки такие голодные...	
FA25C12143CC3AA50638BCA640FBA547	Their eyes so big, their smiles so hungry...	Их глаза такие большие, их улыбки такие голодные...	
6B9BC9BB41E9C98B3673759D4FEE10CB	Their faces wear masks but they do not know.	Их лица носят маски, но они не знают об этом.	
26FC589743A3F26B4CDC9985E4169229	Then one terrible night came the violent Somebodies.	Затем одной ужасной ночью пришли жестокие Тело-веки.	
BA066AEC4CC6ABD37AAF8790C357F16E	Then she began the journey back home, which seemed much shorter now than it had before.	Затем она начала путешествие домой, которое теперь казалось гораздо короче, чем раньше.	
2BBF36D54DC0BB60FDEF4AA3D1D069B9	Then the cat saw it - rooftops piercing the sky.	Тогда кошка увидела это — крыши, пронзающие небо.	
685428A64F000DAC5FBA1A8B331E0973	Then, when we had nothing left to hunt	Затем, когда нам стало не на кого охотиться	
86E2804C49E10B854913B3A2262F3BB8	There can be no tale without spark.	Не может быть истории без искры.	
57B3FDD44A0A8814FCE53FB9944817FD	There once was a freezing cat who was looking for shelter	Жила-была замерзающая кошка, которая искала укрытие,	
DC87D5BF44135FEEC1CA68AAA306533E	There was a monster in the woods with our door key dangling from its tail.	В лесу был монстр с нашим дверным ключом, болтающимся на его хвосте.	
DC7850554821850BBC328FB7F0924888	There was one star out that night and it glowed a cold red. 'Who took the sun away?'	"Той ночью была одна звезда, и она светилась холодным красным светом. ""Кто забрал солнце?"""	
F09B080048020B97EE39D3A8C89A8340	There's a blocker you can <cf>blink away here.	Здесь есть препятствие, которое ты можешь <cf>сморгнуть прочь.	
D1610D3247EFBF7449F265914563CD21	There's a lonesome house in Coalhaven, up on the hill.	В Углеграде есть одинокий дом, на холме.	
CD1E102549B1059FD64F8BAEB7C600CA	There's a new bird in town, and she is hungry.	В городе новая птица, и она голодна.	
684B17314AFF75489339FE9731087197	There's nothing here...	Здесь ничего нет...	
D184EF7B463CC10B9BD5D38B28834BF0	There's nothing here...	Здесь ничего нет...	
BC9A84DD4A4DE2464AEE1FBBB1EC07D5	There’re many bones out there y’know…	Там много костей, знаешь ли...	
13825E194223D0712962EB9B25402DB9	There’s a bone right there in the snow.	Вон кость прямо там, в снегу.	
61DB4CB445E56406E6BE9493030264E0	There’s a fella who watches over the Midnight Walk;	Есть один парень, который присматривает за Полуночной Тропой;	
D098D2614143D5F7C0B9A5A0F98C0442	There’s a special kind of dark pit reserved for those who talk in theaters.	Существует особый вид тёмной ямы, предназначенной для тех, то болтает в театре.	
0312124846143D9D356E14995EB3BBA7	These giants may be mistaken for Makers, but like any parents they are but beings, made from clay like everybody else.	Этих гигантов можно принять за Создателей, но, как и любые родители, они всего лишь существа, сделанные из глины, как и все остальные.	
8AD164A04B06DAFD34C2AF9AFF1C5137	They Are Beautiful	Они Прекрасны	
F5DF934C409E543EE4768AA9CF8219FC	They all long for their grave, by the Giant Furnace. Reuniting them could break the curse of Coalhaven.	Они все тоскуют по своей могиле, у Гигантской Печи. Их воссоединение может снять проклятие Углеграда.	
402A4846402E85DE13F04EBDDA028EE2	They are moving again!	Они снова двигаются!	
D39EDB5248F8D489ABD8358E2AA4DB12	They bodies... they are returning.	Их тела... они возвращаются.	
ED6740E146D88998493183AAD71A5C5C	They burned her, sure	Они сожгли её, точно	
5DCA9BD14FC1C0D3F25855881A62A58F	They burned it all away. And for what…?	Они всё сожгли дотла. И ради чего...?	
51CCBA364463A98749BCA39990F847D4	They can never be enough…	Им вечно быть неполноценными...	
8E93BEB440BEEF80A18D01B8B6F830D4	They eat fire	Они едят огонь	
1E318EF4498BEC97DFAAF1AB88A6C416	They eat you too	И тебя они сожрут	
61D2BF8A4B0C124B725426800470EEC1	They feed on you	Плоть твою сырую съесть	
841DE5594868A562C7FA06BA0B2E1538	They fought.	Они сражались.	
E385BC3549AEC68F4BEA959B7C7BBA8A	They hunted the Molgrims for sport	Они охотились на Молгримов ради развлечения	
2ACA800348825E81A6F2EEBE2B887CD2	They lie dormant and then they awake at an appropriate time,	Они лежат в спячке, а затем пробуждаются в подходящее время,	
02302D7C4808518AC86D578EF110DEF4	They locked the door, threw the key into the woods.	Они заперли дверь на ключ и вышвырнули его в лесную чащу.	
998DB8374D13B863DB5DB59495373EB9	They locked the door, threw the key into the woods.	Они заперли дверь на ключ и вышвырнули его в лесную чащу.	
A60C295149EBB3578C3E199F108A971F	They muttered at her as she passed them, but she couldn’t make out their words.	Они бормотали ей вслед, когда она проходила мимо, но она не могла разобрать их слова.	
9F2E0C444D7AE35F98ED8C861BB48FB8	They sense you... they feel you...	Они чувствуют тебя... они ощущают тебя...	
FBC107BF4C0D83397A4B69BFFE715255	They sniffed her lantern hungrily, and instinctively she offered its flame to them…	Они жадно обнюхивали её фонарь, и инстинктивно она предложила им его пламя...	
66C2139943900DC4C70A54851FCA5280	They sought to cage the sun, harness its power and make it theirs.	Они стремились заключить солнце в клетку, обуздать его силу и сделать своим.	
5B740A904B7E7C309F6C8D9E064B1CF8	They tell us that her nest lies beyond the cold, cold moon	Они говорят нам, что её гнездо лежит за холодной, прехолодной луной	
9925D9F54628DBF18E6159B6649A5E99	They took it.	Они забрали её.	
0041B9B5460DD820BC482CB92B995B76	They used fire... for war!	Они использовали огонь... для войны!	
816090354AB9321EE9732D9DBB2BE128	They want our stories...	Они хотят наши истории...	
E6F11947475D6793F41EA8B3F55C5B29	They were the Head people, a peaceful yet grumpy sort who didn’t take kindly to Somebodies perusing their lands.	Они были Головастыми людьми, мирным, но ворчливым народом, который плохо воспринимал Тело-веков, бродящих по их землям.	
11209C47478F35BE822A149FE6F6D366	They're so...	Они такие...	
24ED6ABF485529A7C727D986997452AC	They’re all we have left once the Dark	Они — всё, что у нас осталось, когда Тьма	
CFBF93494C59BA0D21564AB63AE64623	They’re coming here. All of them!	Они идут сюда. Все они!	
F26FE4AA4B07F8E71FF8AB9305B91126	Thief...	Воровка...	
998B8A45447D29B57CF1B4999AB8C564	Things are already changing.	Всё уже меняется.	
764467A542082675B31EC28FFE0D2F38	Things don’t have to make sense…	Вещи не обязательно должны иметь смысл...	
B4E362CD4C6D93E28E9D8594A120DB6C	Things kind of spiraled... Road took me	Всё как-то закрутилось... Дорога привела меня	
293882A248232CF26736AEB7E241D862	Thinking this was some cruel spirit come to mock her grief	Думая, что это какой-то бессердечный дух пришёл насмехаться над её горем	
F5EC6DB74B36081C99F8AEAE025E1E4C	This Shellphone remembers the grim history of Nobodyville.	Эта ракушка-звуконосец помнит мрачную историю Бестеловилля.	
103C7B5D40E44B1F188E1AAD1451A8A2	This Song Catcher keeps the lullaby of the thief. This is what the old man is looking for.	Этот Ловец песен хранит колыбельную воровки. Именно его ищет старик.	
A630CAD5447E2B25A91BC6A5C9D41593	This broken body’s goin’ nowhere. (Grunts) But yours is.	Это искалеченное тело никуда не денется. (Ворчит) Чего нельзя сказать о твоём.	
B6AB6A3C46D8A8E1EFD30485E1109D56	This did not matter to her. For now, she was	Это не имело для неё значения. Сейчас она была	
0FF7A7CF46E85BE3D76D51AAFAF85433	This game as an autosave feature.<cf>Do not close the game while the above icon is displayed	В этой игре есть функция автосохранения.<cf>Не закрывайте игру, пока отображается значок выше	
A409F7C84C3766395F2C8399C541AB2C	This is Housy, your wandering home...	Это Избушка, ваш странствующий дом...	
AD6FAD884E3DC2B46097A18D360A9228	This is Nobodyville! Not...	Это Бестеловилль! Не...	
A7CBC2794876FB7EF8F75EAEDCA8B5DB	This is already the end, your Potboy the last ember of the Worktable that was...	Это уже конец, твой Горшочек — последний неугасший Верстака, который когда-либо был...	
67C2D6D2405363BDEE58788CD8670E71	This isn’t my body…	Это не моё тело...	
E68FDDB54E0E0024631A6E86730C8120	This isn’t my body…	Это не моё тело...	
0458A93447C61B4770EC0DA896E833E6	This just in:	Только что поступило:	
4ECE364E4F3AD8BD21ECF29DF2C2BF56	This key will open the town gates.	Этот ключ откроет городские ворота.	
C023C2D54769B942E32954929FA58A09	This little flame is your home, Burnt One.	Это маленькое пламя — твой дом, Обожжённый.	
B049BAEE4D0A778EAD4EDE80A1DD8C05	This night Potboy needs you, and Moon Mountain beckons,	Этой ночью Горшочек нуждается в тебе, и Лунная гора взывает,	
3B9E60CE4A41BB39A05285A8F3091EB8	This stick, I can't...	Эта палка, я не могу...	
7ADC9B4D49DBB151E56FF094DD912A75	This story is a lie.	Эта история — ложь.	
34010FC94CD5ECCFAE00FBB40578C378	This story needs to be savoured.	Эту историю нужно смаковать.	
65CF0E174C41C752EB14088167E040DB	This... this is very upsetting! So...	Это... это очень расстраивает! Так...	
94E0CE3348CB158AC5912BA33922D4E6	Thomas Buck	Thomas Buck	
A91B9AA2459C2B495591238BBD7836D5	Thomas Oh	Thomas Oh	
417175A2489BCDDEDC37F482D0C3428B	Thor the snoring office dog	Храпящий офисный пёс Тор	
3DEEC9B547F5840BF00020A164F32FBF	Those sweet sweet tunes, like falling leaves of the trees that were.	Те сладкие-пресладкие мелодии, словно опадающие листья деревьев, которые были когда-то.	
71541A044FE65D51B0E91699A434ABD7	Three blind explorers discovered a sleeping beast.	Три слепых исследователя обнаружили спящее чудовище.	
F8F3913A4EA2CA683A73538876A68D3D	Three hidden Cauldron shards	Три спрятанных осколка Котла	
66179B0C44D6915621BED1BC9A38C37B	Three shards were stolen from the Molgrim’s cauldron, and scattered across the swamps. Repairing the cauldron could bring her peace.	Три осколка были украдены из котла Молгрима и разбросаны по всему болоту. Восстановление котла могло бы принести ей покой.	
D7E9301F43F25F62586D9B83950A25BE	Through the rain, in the Dark, and over Moon Mountain...	Сквозь дождь, во Тьме, и через Лунную гору...	
1492726743B21F2A9AF86792BF87AA4A	Throw	Бросить	
6606EDB94900A6372A48CF85843FDA4C	Throw	Бросить	
98DF23924E76F355905E75A9BBA6FF77	Throw	Бросить	
7C7C61CB4CBF14C18FDB0D8527D92537	Throw me a frickin’ bone, huh?	Подкинь мне хоть какую-нибудь кость, а?	
F9FE506C4DDBC0CE2F361294A9772804	Thus, the Grinners escaped and seeped into the world	Так Оскальники сбежали и просочились в мир	
CD8247CD4CD76F01896698BBD70B0A17	Tim Sivefäldt	Tim Sivefäldt	
95837BE2421EF10788563FB04B126F15	Time to listen.	Время слушать.	
946AE5A34B7338E4B9F77D8C355A2E91	Tine Nygård Bentsen	Tine Nygård Bentsen в роли	
84EE559E44DEE821FF928DB223B1104E	Tired from running, she searched for shelter and found a dark dank cave. Cozy even - by Murkle standards.	Уставшая от бега, она искала укрытие и нашла тёмную сырую пещеру. Достаточно уютную — по меркам Мёркл.	
05A0122A4677F5E5C1FD9F9C5E0EF138	To Coalhaven, she brought strife and grief... for which I am grateful	В Углеград она принесла раздор и горе... за что я благодарен	
70AE875C44E32034DBE6948F8EBC8098	To feel at home wherever you walk.	Чувствовать себя как дома, куда бы ты ни пошёл.	
DC80938F4076C378C3B8BDA361F81B6B	To save themselves from themselves, the cunning Heads turned on their bodies	Чтобы спасти себя от самих себя, хитроумные Головы обратились против своих тел	
8B4BA345443204818E6B099AC8A4128A	To the Dark with you!	В Темноту вместе с тобой!	
F73C1E80476083B4AC346D962B8A1DA5	To which the dark itself replied: 'You don’t have to do anything.'	"На что Сама Тьма ответила: ""Тебе не нужно ничего делать"""	
DA93D3E9467B5D51132B42A8B677E11B	Too busy building his crooked fences and watchtowers	Слишком занят постройкой своих кривых заборов и сторожевых башен	
1B4EE06E461CBB68595FFA93AA10068B	Touched by the Dark Itself. Your friend needs it back.	Тронуто Самой Тьмой. Нужно вернуть это твоему другу.	
4E96852149FE6B76F320179FEB46E86B	Translation Test Team	Команда по Тестированию Переводов	
EFCC7F6345E6D16512CBF996093DD15A	True fire...	Истинный огонь...	
283C0C684D9F372D1714D49273CB69EA	Try a different order!	Попробуй другой порядок!	
A0F4DCE6483722613F71F1B70EB271C3	Tröstetankar i Juletid	Tröstetankar i Juletid (Утешительные мысли на Рождество)	
1F10D00646F90DE7D6C5099DD51906FA	Ty Konzak as	Ty Konzak в ролях	
799C30F5404C07A9751FA29DD76AD626	UI Artist	Художник Пользовательского Интерфейса	
3D6E51964B4D511AB934B393BCA3DBE7	Ugh! Look at those two arms swingin’ around. Disgusting!	Угх! Посмотрите на эти две болтающиеся руки. Отвратительно!	
4E145F964D5C0E7F9BFEE9BA9F9A442E	Uh... Well, if you’re not gonna gobble me up	Э... Ну, если ты не собираешься меня сожрать	
338B32E3449F750F8B2168B44D59F515	Uhm, if you’ve nothing better to do, that is…	Эм, если тебе нечем больше заняться, конечно...	
5E9E4EE0498F974661C57590625B3A08	Uhm, if you’ve nothing better to do, that is…	Эм, если тебе нечем больше заняться, конечно...	
4D4439704D898907C814529628929291	UnHolster	UnHolster	
1A0075CB40290CA736D7418AFB1E944E	Continue	Продолжить	
0AA8BB6A47E5823A494107855BC264DE	Unequip object	Убрать предмет	
5B6FB03B44E0A10BCF2033B0528CBE1D	Unless your fire can prove itself useful	Если только твой огонь не докажет свою полезность	
7C728B4B4DE6682BE6D9A9B4ECF6A284	Unlock the door…	Отопри дверь...	
4397159D4A1ED6CF0232DFB524FE72E4	Up	Вверх	
4C7C48A34B6D05CE972B3AB6507EBAAB	Use	Использовать	
AEAFA7654902F688AB8F18ABBEB615D7	Use the Matchlock to light candles out of reach.	Используйте Огниво, чтобы зажечь недосягаемые свечи.	
15275A4C4BA2DE4BD1155FA7A7598F66	Usually, the Murkle had been fond of fall and the refreshing cool of winter,	Обычно Мёркл любила осень и освежающую прохладу зимы,	
E9204FEB44172E50E7C2BEA44DA5640D	VFX Artist Intern	Художник-Стажёр VFX	
5F084E2745B7F5A4A2723FBD48F80DBD	VFX Artists	Художники VFX	
056E708F437D2858704C7CB300523941	VRMonkey	VRMonkey	
13DD7EB247E5343EAF1B56B6535C433C	Victor Becker	Victor Becker	
407F20EC40E29EE36D0F6B82A28CD021	Victor Becker	Victor Becker	
D801756C45FEED86B54657B6C59A5DC9	Victor Becker	Victor Becker	
627089E84C84F0014D22709EAB0D33AE	Viktor Thuregård - Tuba & Double bass	Viktor Thuregård - Туба & Контрабас	
AE36D60B4C6CBD79D5040A828AC8802B	Vinyl Collection	Коллекция виниловых пластинок	
5F92676346CD84F9EF49E5ADF00330BA	Visit Housy	Посетить Избушку	
180EFB8C42203F74A84879814229603D	Voice Actors	Актёры Озвучивания	
D824A9B445CEE584F5713BBF513ACED8	Wait for calibration	Ожидайте калибровки	
2434AB034FEF3C1CF7C9EF956EB47A15	Waiting for headset	Ожидание гарнитуры	
4B21902748FF882ABFE547ACCC2E413B	Walk now, spread your Fire.	Иди же, распространяй свой Огонь.	
88BD9AF449A45CBC951157A57AF6647C	Walk the Midnight Walk...	Пройди Полуночную Тропу...	
378BC151417D67EB4C797FB8380A98DD	Walk the Walk.	Пройди Тропу.	
EE6979964E16485F1EAC2EBA876C83C8	Walk the Walk...	Пройди Тропу...	
C42093C74142B395ACE4B68FCD464217	Walk the streets. Listen!	Пройдись по улицам. Прислушайся!	
A09E24D949FFA65DFF220E83E2E5C02F	Walk, walk, walk...	Шагай, шагай, шагай...	
26E4E32F4E588DB367AF1A85B81B32C9	Wang Yixiao	Wang Yixiao	
C41012E646529672469719BB2DF2CD98	Wang Zihan	Wang Zihan	
F602142747C53C815741BABE872C2EEF	Warning Box	Окно предупреждения	
A4F98DBF460A749873A8DBBFDCC9FE97	Watch out!	Берегись!	
88DF70F64AB576555C9DC4B697D71516	We Molgrims have a special relationship with fire.	Мы, Молгримы, имеем особые отношения с огнём.	
207CD69B4C08051268BDE9865475E84A	We Murkles used to ask until it finally ceased to matter.	Мы, Мёрклы, спрашивали, пока это окончательно не перестало иметь значение.	
8EBA4DE94EB02828BBBE24B7A1DEC934	We Murkles used to ask until it finally ceased to matter.	Мы, Мёрклы, спрашивали, пока это окончательно не перестало иметь значение.	
D10154654482EC7664DB03BEA0C97C8B	We Nobodies haven't been graced by	Мы, Бестельники, не были удостоены	
70E63CC245EB4AD6305AB38FC3C1668E	We Ragdolls observe, we record, and we mimic.	Мы, Тряпичные Люди, наблюдаем, записываем и подражаем.	
B0C866444D918C1C311283B6648B85EF	We are the caretakers of this world, and woe be	Мы хранители этого мира, и горе тем,	
E771D9F84970506C2F6D3696E3A07209	We can finally talk, after everything. So...	Мы наконец можем поговорить, после всего. Так что...	
13AB24CB4D85F0551D3E44B863652353	We discovered something deep in the woods...	Мы обнаружили нечто глубоко в лесах...	
4609B05A4801C719840BC0ACB05D29F2	We discovered something deep in the woods...	Мы обнаружили нечто глубоко в лесах...	
D60981E146BA6A20A82A9B980B34E2D1	We do not cook over it,	Мы не готовим на нём,	
744AF2EA4CFFA08BC2CAAFB2E2E8441B	We don’t go there no more.	Мы больше туда не ходим.	
6E4BBFEC4A8E5729D53872944DDDBC83	We got carried away.	Мы увлеклись.	
770BC4CD4F0AFF9BE33E63BB70B56A9F	We hunted the Molgrims, took their fire…	Мы охотились на Молгримов, забрали их огонь...	
198900654D41B7A131B827BF8E900CDF	We invented these Shellphones, so we could try to talk to it...	Мы создали эти Ракушки-Звуконосцы, чтобы попытаться поговорить с ней...	
444AA46948F1CA90BED7809C6B8E9966	We invented these Shellphones, so we could try to talk to it...	Мы создали эти Ракушки-Звуконосцы, чтобы попытаться поговорить с ней...	
829A7A8148B8CC2512FA0E89A22AC56E	We killed the thief…	Мы убили воровку...	
37614AD342EFBDCA351286AC2041C31C	We must convene on this matter	Мы должны собраться по этому вопросу	
64545DCC48082FB4AD08CBAB212506A8	We put on our masks, we perform,	Мы надеваем наши маски, мы исполняем,	
99C54E9348B21FA4386C75855B3047F1	We remember fire...	Мы помним огонь...	
E27AEE944933C92C41BE4998D7B5FFFA	We took the shards from her lair, we named them cursed	Мы забрали осколки из её логова, нарекли их проклятыми	
1EDC0D97453C9551EEE8888CE914D01F	We tried to slap a name on it,	Мы стремились придумать ей имя,	
DC0889FE4E9A233EE03831AA3963DFA3	We tried to slap a name on it,	Мы стремились придумать ей имя,	
3DAF1D124855BCB7F4A680B17368EBC9	We want to dance...	Мы хотим танцевать...	
37C709814CE4480D293DB99778FDCEB6	We want to dance...!	Мы хотим танцевать...!	
58EDD3C748E73DD9626A3CB83B33BBB8	We were best pals! And we shared all our secrets with each other.	Мы были лучшими друзьями! И делились друг с другом всеми нашими секретами.	
E6E7B95B436F5844BDD3EEAFF6395153	We were best pals, and we shared all our secrets with each other!	Мы были лучшими друзьями, и делились друг с другом всеми нашими секретами!	
BB96F5394318F4C443210A94F69D6326	We weren't made to live.	Мы не были созданы, чтобы жить.	
2B7EABBC47D34744A1EB05BC19EE9D19	We weren't made to live...	Мы не были созданы, чтобы жить...	
B8929D1949217789F5F0CD9DBC7722A6	We would defeat you. (Grumbles) Defeat you easily!	Мы бы победили тебя. (Ворчит) Запросто победили бы тебя!	
9E94A0B4482DD3002A4529BDD300AEB0	We... we are too many, you can't burn all of us!	Нас... нас слишком много, ты не можешь сжечь всех нас!	
88CD3BAC4B398EDF285B07AFC0099046	Weak fire. Useless.	Слабый огонь. Бесполезный.	
A9B78DEB477719248F1389B6DA262F60	Welcome to Coalhaven, newcomer!	Добро пожаловать в Углеград, новоприбывший!	
94AC721B4284423AC8FD6BBA17ECA965	Well heck, don’t let me keep y’all…	Ну что ж, не буду вас задерживать...	
FEB642F24B2610C1D69C5588C3BF6A9F	Well then...	Ну что ж...	
E460876F48CAC63E714191A11EE4C8C5	Well, I guess that’s it. That’s the tour, on the house. Heh-hee...	Ну, думаю, на этом всё. Эта экскурсия, за счёт заведения. Хе-хе...	
54F319C5422AA0EF8D1F69A166A1EE42	Well, it wasn’t supposed to go down that way...	Ну, это не должно было закончиться так...	
89D3B2C6424DC89DDAADCFAB8706EF1D	Well, it wasn’t supposed to go down that way...	Ну, это не должно было закончиться так...	
7B3020F34273F26151D562802053B9F5	Well, yours might not be a movie I would watch, but...	Что ж, возможно, твой фильм я бы и не стала смотреть, но…	
4D7703884B62DDBFDA1B7BBD75E878ED	We’ll freeze, freeze to death… because of that thief!	Мы замёрзнем, замёрзнем насмерть... из-за этой воровки!	
CE8BD6AC4887C79E349B329363F1C9E4	We’ll have to harvest more trees, then.	Тогда нам придётся срубить больше деревьев.	
4A1FC7444CE830AA72086E94D4C57F12	We’ll take theirs.	Мы же заберём у них.	
959B74AD48FC33D6424A0DADD29E7589	We’re runnin’ out of matches…!	У нас заканчиваются спички...!	
E14EE1604ACCF8DE488FD0BAC101A603	What Were They Thinkin’	О чём они думали	
81963A6B4EB69AB0D059628D4F7C1D02	What am I doing here?	Что я здесь делаю?	
F8547E6D45A3FDC81B2ED88A8BDF9E41	What am I doing here?	Что я здесь делаю?	
567C333D4DFF6B262FBA8A92D370B293	What are you doing back there?!	Что ты там делаешь?!	
FFEA33AC40B4C6E44DED8EB04354BBA4	What did we do?	Что мы наделали?	
67E890C54143A5CA47EC0AA9DE9D2AD0	What did we do?!	Что мы наделали?!	
C4DCF6844365F10923C06880EC7C8B6A	What distorted yearning hides behind? The dance will tell.	Что за извращённая тоска скрывается за ними? Танец расскажет.	
7026F5424FCF08D3F96AA7A56A5668E7	What do I know. I’m just some dead guy.	Откуда я знаю. Я просто ещё один мертвец.	
CA827CB247CA49BC4A8085A08B0E8A7F	What do you think you’re doin' here?	Что, по-твоему, ты здесь делаешь?	
F9FE8FA14F4A224A987CD496BB14626B	What happened?	Что произошло?	
0BA60F594CC371004E79B9A5ED91370F	What if it doesn’t like me no more?	Что если я ему больше не нравлюсь?	
9934B4334A2AD0ED4723448298F44DAD	What is he doing?	Что он делает?	
14B262B3432BA2C2375AB887F3B313E8	What is the Dark? Is it ugly and cruel?	Что такое Тьма? Уродлива ли она и жестока?	
41423E4C4DAF389456A52A8E58C0A619	What was the point of the Walk?	В чём был смысл Тропы?	
C533DB24438C74414E37DF806A751365	What we did to her kind.	Что мы сделали с её родом.	
0F2F78CA458CBC5E99CB69B8FD282FD9	What were they thinkin’...	О чём они думали...	
A477151F440DE125FD2B93A3A60C0E10	What were they thinkin’?	О чём они думали?	
6450C6DF49E11670163B109CF1F91600	What were you thinking, letting him run off?	О чём ты думал, позволив ему убежать?	
8AE598FB459DB53A501D1DBA6D4839FF	What were you thinking, letting him run off?	О чём ты думал, позволив ему убежать?	
ADACEA394E218940855ED199C9C2FD49	What you lack in talk, Burnt One	Что до тебя, Обожжённый, ты молчалив,	
D4B5B3C744487D63AB7F59A91147E374	What're you tinkering with?!	С чем ты там возишься?!	
0348C2AB4D8B9E16E423B393238CB65A	What's he workin' on over there?	Над чем он там работает?	
CA6F810D44A21DE7666BA0B9FCD5F6C6	What's the hurry?	Что за спешка?	
AD5BB2D34D211273F46C9FA65FD54C43	What's the rush?	К чему такая суета?	
FAE2D6C5457E77533FBE1DA6A889EDDF	What...? What is this?	Что...? Что это?	
AD8219BE4D52F80DFCE569B024C07CE3	What’re you doin'? Stop... stop-stop-stop	Что ты делаешь? Остановись... прекрати-прекрати-прекрати	
947728F94F88B89B3E71189F2C538994	What’re you lookin’ at?	На что уставился?	
D98D133C4E338903BAA865A4AFDB93BA	What’s a story without a little adversity?	Что за история без небольших трудностей?	
E51A3A4B43CBFBB6CADEB48056950698	What’s that you’re holding…?	Что это у тебя в руках...?	
546478AC4C36BB1D5721F8B61F0238F7	What’s the matter, seen a ghost?	Чего такой бледный, будто призрака увидел?	
760AB89A461331F988F807A875DC03F2	When I was a child, I exchanged letters with a monster in the woods.	Когда я была ребёнком, я обменивалась письмами с чудовищем в лесу.	
B9D89CEA461850D93AC945BD0A292CE8	When I was a child, I exchanged letters with a monster in the woods.	Когда я была ребёнком, я обменивалась письмами с чудовищем в лесу.	
F2016E944A2075D6AEE3D68AADB1E55A	When I was little, my childminder got annoyed with me	Когда я был маленьким, моя нянька сердилась на меня	
A610320B44C6D1764F064C8B64E9E6D2	When the nameless Maker lost his creation to the Dark	Когда безымянный Создатель потерял своё творение во Тьме	
7ECC0A7F4F44E1311E91FF8B7C66806F	When times were dark and winds blew cold,	Когда времена были тёмными и ветра дули холодом,	
2E5D92854D79F6282B3DB69767B75F46	Where are you off to now?	Куда ты теперь направишься?	
4A2A2D85441D99F09B4BFB92F4582C16	Where did it go?	Куда оно делось?	
2CAFE30049D35E1F051CFBA42837D231	Where did it go?!	Куда оно делось?!	
5A65880E4302A9B3331E56933953926B	Where is he going...?	Куда он идёт...?	
182B4E014CE44F58FBD75CA8BBCB414D	Where was the sun? Where its warm rays should’ve been there was only the vast night sky	Где было солнце? Там, где должны были быть его тёплые лучи, было лишь обширное ночное небо	
6604A76F40669DD2249541B5A82257A9	Wherever she sought warmth, it had a price.	Везде, где она искала тепло, оно имело свою цену.	
B0101C2A4FB5FA4CDE71DDB00851E4EF	Whether they held or lacked reason, it didn’t matter.	Обладали ли они разумом или нет, это не имело значения.	
C57C96514EEC87E493199F920E534E6D	While I was in the black I had a dream...	Пока я была в пустоте, мне приснился сон...	
69B5B032470DAD521C342990BFAE1025	Whispering statues	Шепчущие статуи	
D928187E409F60E3C17F138988A3A10F	Who Took The Sun Away? 1 of 15	Кто Забрал Солнце? 1 из 15	
520B02CF46E4C2A5A4A6B3932A2001A2	Who Took The Sun Away? 10 of 15	Кто Забрал Солнце? 10 из 15	
A4B2A46640F4102A008747813196A052	Who Took The Sun Away? 11 of 15	Кто Забрал Солнце? 11 из 15	
B04AC9974157CBFE7F843A9639B9C510	Who Took The Sun Away? 12 of 15	Кто Забрал Солнце? 12 из 15	
3CCE40034B1C8AC7AA6F24BD39ADB3C4	Who Took The Sun Away? 13 of 15	Кто Забрал Солнце? 13 из 15	
3729B43641F121BD5197D39D4DFBA0F3	Who Took The Sun Away? 14 of 15	Кто Забрал Солнце? 14 из 15	
AD1B52D940C71BEF9032238A8BCC566C	Who Took The Sun Away? 15 of 15	Кто Забрал Солнце? 15 из 15	
7E4BE15645EACD4A8E05D6839A12ED3C	Who Took The Sun Away? 2 of 15	Кто Забрал Солнце? 2 из 15	
051E6D864C4D5FC53E58BEA1C25F264C	Who Took The Sun Away? 3 of 15	Кто Забрал Солнце? 3 из 15	
16EC6C244D75E125DD217AB523A100DD	Who Took The Sun Away? 4 of 15	Кто Забрал Солнце? 4 из 15	
3567F6204EDD83724B8B65B6BB6DB08D	Who Took The Sun Away? 5 of 15	Кто Забрал Солнце? 5 из 15	
B11FF6BC4BC1F2C8C12418878501C972	Who Took The Sun Away? 6 of 15	Кто Забрал Солнце? 6 из 15	
B570A8064E02F41E084075B4DDD3E222	Who Took The Sun Away? 7 of 15	Кто Забрал Солнце? 7 из 15	
0BF30C7C4714158F5EDAE78E88F59E8E	Who Took The Sun Away? 8 of 15	Кто Забрал Солнце? 8 из 15	
1153A04D45F44D209CCE9CBFA8D2DCD9	Who Took The Sun Away? 9 of 15	Кто Забрал Солнце? 9 из 15	
8485BCB64F7263FCE72EAF845E669757	Who am I?	Кто я?	
CDD5E98B4E1C8DC2B67ECCA6E56D836E	Who am I?	Кто я?	
98FE7B154174B4037A06C7B88A6290F0	Who made you?	Кто создал тебя?	
A373F658484C52BD90ED9AB3CE32E5B8	Who made you?	Кто создал тебя?	
5315EF6942DFC7C6CB3E7AA8811DF141	Who took the sun away?	Кто забрал солнце?	
A213345D4332FD058CB28D921D33CA46	Who took the sun away?	Кто забрал солнце?	
CE9F565343F9ADE758B55798193003EC	Who took the sun away?	Кто забрал солнце?	
57C1A08643C631494483F38EB9CF4D93	Who was right or wrong mattered little - as the beast awoke and ate them all.	Кто был прав или виноват, имело мало значения — поскольку зверь пробудился и съел их всех.	
3ACEFCBE41E9E011E0C69D92DC056DF9	Who... who are you to enter our sanctuary?	Кто... кто ты такой, чтобы входить в наше святилище?	
B289319644EC455E932208ADC1FE9015	Whoever created you had a twisted sense of humor.	Тот, кто создал тебя, имел извращённое чувство юмора.	
4075E74645A5EF9EB7615EB1F3327D5F	Why are they here?	Почему они здесь?	
59FB721540277EC0904B83AFF8C4AF5F	Why are they here?	Почему они здесь?	
959856F74F047B093FF231871D82A5FE	Why aren’t I dead?	Почему я не мертва?	
2A2903234EA788E069524F9FDF56C7F3	Why don’t you go...	Почему бы тебе не пойти...	
E116674C4052EC948E73A1B78BA64DAF	Why don’t you rest here for a spell?	Почему бы тебе не отдохнуть здесь ненадолго?	
D30780D54FC7E0F449C7D4AC2C3BC492	With his dark source, he managed to create swaths of land in no time.	Со своим тёмным источником он сумел создать просеки земли в мгновение ока.	
76631D884CA71957FAEFC3A6DA88BC05	With no matches left	Без оставшихся спичек	
BC6951BA48C520FD934301865CFE936D	With the Matchlock equipped, use matchboxes to reload it with matches.	С Огнивом в руках используйте спичечные коробки, чтобы перезарядиться.	
24740505490B452E1047F5B1A07D115C	With wire, clay, and fire	С проволокой, глиной и огнём	
978BBF3E49ADD798674DCCAAAE2658EE	With wire, clay, and fire	С проволокой, глиной и огнём	
6A5AA66E4850A46F1F326FB575290605	With wire, clay, and fire the Craftsmen built the foundations, followed by the trees and rocks.	С проволокой, глиной и огнём Ремесленники возвели фундамент, а затем деревья и камни.	
950E3DB147790FA4702980A8E579F341	With your... with your... long snake-like arms...!	С твоими... с твоими... длинными змееподобными руками...!	
D4EBC89E49B9494731DB38995B89C7D5	Witness your fears and close your eyes to transform them.	Стань свидетелем своих страхов и закрой глаза, чтобы преобразить их.	
2C12E0EA4EF84AF09CFC55891B730084	Woah, there!	Эй там!	
CED52EE7497EDFE6CAE672A97FC3955C	Woo!!	Ухуу!!	
698AD30A4789A90D69D881A141CD644C	Work in progress: <cf>This NPC is missing some lines at the end.	Work in progress: <cf>This NPC is missing some lines at the end.	
B19DECCB46BEEEE72ECD99A2E509F876	Worshippers of Fire, the Soothsayers jump from Worktable to Worktable, making sure things are what they're meant to be...	Поклонники огня, Вещуны прыгают с Верстака на Верстак, следя, чтобы всё было так, как и должно быть…	
B7F1022D4177EE3E7A168D960F404194	Written by	Автор Сценария	
EC66D18D4825F56978E31FB5A64E50B2	Yeah… I stole it.	Да... я украла его.	
5FDFCA464E032211C9AD13822BB2CD84	Yes, the bodies made us do bad things	Да, тела заставили нас творить злодеяния	
46D22BE6414324D42D1DDA91093129EC	Yes, yes-yes-yes now once more,	Да, да-да-да, теперь ещё раз,	
519FDBF541DE6F1AC720818FBD703CC1	Yet another forgotten swamp saying.	Ещё одна забытая болотная поговорка.	
111E36FA4617344D6A4178A16434E324	You are destined to carry this torch to Moon Mountain.	Тебе суждено нести этот факел на Лунную гору.	
46A1CCF64C765CC7E65A89BE13FD97B7	You are just like that thief who took every match,	Ты совсем как та воровка, которая забрала все спички,	
3AC86952440722D4EA8A579936DD52A5	You are like us - rejected.	Ты как мы — отверженный.	
EB63AA6C4769901CF2CEE1BD716C377D	You are like us - rejected.	Ты как мы — отверженный.	
C0B5F5D740D6671EB8F7A18CA7566F29	You are reborn, when need arises.	Ты возрождаешься, когда возникает необходимость.	
99154548445D642393F9AB9ADE3EA4AD	You better get goin’. Housy is restless.	Тебе лучше идти. Избушка беспокоится.	
515B018D4CA2D387DB0A98807AB2E2FE	You can hide behind some objects.	Вы можете прятаться за некоторыми объектами.	
55196E2F43CDA7F938F9B19E0D4BF641	You can send out Potboy to light candles.	Вы можете отправить Горшочка, чтобы зажечь свечи.	
48A7DA594865C0912F6773AA5AB265EE	You do not remember, but you feel it, don’t you?	Ты не помнишь, но ты чувствуешь это, не так ли?	
439057AD420288697538FAB9ADAE2EBC	You have a good head on your shoulders.	У тебя хорошая голова на плечах.	
A6B1B7914F1B220B8BE63F9C061B88DD	You have a tough decision ahead of you to make	Тебе предстоит принять трудное решение	
CD615BC64BB0EB9BE4D9A9BD157EF42C	You have always been destined to burn.	Тебе всегда было суждено сгореть.	
8E4F42D9489DB9DC09D72C992CCB43A6	You know, without that body of yours	Знаешь, без этого твоего тела	
8C5C3A5248E1ABC91569AF868798359E	You know, without that body of yours you’d be drop-head gorgeous!	Знаешь, без этого твоего тела ты был бы обезглавлено великолепен!	
B1ABC7F043EDB0FF9CC75482AEFBE16B	You look like you’re about to move a Mountain–	Ты выглядишь так, будто собираешься сдвинуть Гору–	
4983F95F4D3C44AC5BA861ACA4801AE8	You look... burnt!	Ты выглядишь... обгоревшим!	
524FD09D4E7D0248814130B1E1F984F8	You look... burnt.	Ты выглядишь... обгоревшим.	
D4AD924D42677E79786EAA8137B6DA2D	You may have fire	У тебя есть огонь	
2A88484043802C74A2BED6877AC88782	You must leave at once! Leave or face our--	Ты должен немедленно уйти! Уйди или столкнись с нашим--	
422984C445F3BDA54BBB99869B2C211F	You must release it, at the summit!	Ты должен освободить его на вершине!	
E6A0EE374EDEDFE35BE463BE20B1501B	You really think you're Somebody, huh?!	Ты действительно думаешь, что важен с этим телом, а?!	
979DBF8540C56C7787F68FB7ACB54C95	You should help us get rid of her. Yes, get rid of her, tame her, just… make it stop!	Ты должен помочь нам избавиться от неё. Да, избавься от неё, укроти её, просто... останови это!	
DA0CE9ED425260FD9EB36DAB000C812B	You shouldn't be... oh, why	Ты не должен быть... ох, почему	
19105D194EFDDE6DBC3BE686AECB312D	You've gotta be a Somebody...	Ты должен быть Тело-веком...	
1F1B7EF5462929512BA4BC84C3AD6027	You... you pick up your little fire devil	Ты... ты возьми своего маленького огненного дьявола	
5945DD86439909A1A692EDA1E7278A62	You... you-you get outta here - and fast!	Ты... ты-ты убирайся отсюда — и быстро!	
2D8F1BD944AE383785ECB4B4DEBE6319	You... you...	Ты... ты...	
84A103734E13B8FADFC3689C796B22A1	Your Fire has a voice...	Твой Огонь имеет голос...	
767F33FF46F93C054F1122A0D6A70909	Your Potboy must spread his fire.	Твой Горшочек должен распространить свой огонь.	
9665B5D7427BFBCEA6F4C2891796B8F0	Your flame could bring back warmth to our graves,	Твоё пламя могло бы вернуть тепло нашим могилам,	
779B2CA441E7BBB50A8751B1F75F0965	Your little flame, let it help you.	Твоё маленькое пламя, пусть оно поможет тебе.	
053C059F4DE32D2F95F543AC979B6C74	Your little spark, your soul, and your heart’s will. Your friend, always.	Твоя маленькая искра, твоя душа и воля твоего сердца. Твой друг, всегда.	
BCE819F247A81BD51E9FEB8E72C3744D	Your sight will grow darker to indicate that you’re hidden.	Ваш обзор потемнеет, показывая этим, что вы спрятались.	
39E35C5144D11E3A4FCDF2926E207722	Your wretched limbs - an affront to Nobodyness!	Твои жалкие конечности — оскорбление Бестеловесности!	
F2C7C4FA46D04668CBE104B1274DEF31	You’ll be just fine...	С тобой всё будет хорошо......	
2DCB94D6437C0FA0E60EA3A062EB826B	You’ll burn for what you did...	Ты сгоришь за то, что сделала...	
44BA15B5434BFD11DAA97396B0ECC8E7	You’re goin’ to Moon Mountain, and that walk is for you alone.	Ты идёшь на Лунную гору, и эта тропа только для тебя.	
0687A7874C6A7EA9C89628A1AB047FF6	You’re probably meant to.	Скорее всего, так и должно быть.	
4CED54E24FB1833AB82959818B433A4A	You’re the caretaker of this little firecracker?	Ты хранитель этого маленького фейерверушки?	
809EAD99420F2885ABBB1FAD78BE3046	You’ve arrived!	Ты прибыл!	
4FEBF0684E2A18E1DF9127BE4FCCD6C1	You’ve met your match, thief!	Что, воровка, доигралась со спичками?	
1202FBC74DEEA5CF68D79688F1E7BA5B	Zoom	Масштаб	
4DAE648941B11A76282301B9E7AF0A60	Zoom	Масштаб	
CD2A7556447A662B47CCA7B7D094AB81	Zoom	Масштаб	
8F3219574BE9399941C6EA9F166D9767	Zoom In/Out	Приблизить/Отдалить	
1784536743485C8B11BFF7BAAC05B575	a Flame and its destination.	Пламени и его назначения.	
1659D97B4CA4FF10FC7B5C88E69520AA	a Somebody disturbs our peace and sets fire on things	Тело-век нарушает наш покой и поджигает вещи	
98E0515E4BD9D926FC77BDAFFFA004A2	a blank canvas full of possibilities.	чистый холст, полный возможностей.	
6140537E43EAB84677DD8BB6DAF4B2CA	a friendship kindled. The fire that spread with it	разожглась дружба. Огонь, который распространился с ней	
FE1B760D4CCC58FA3007C59CF6C8E991	a grave matter indeed.	поистине могильная проблема.	
0D7595BA46047623EF101BA52D04F665	a lonesome Ragdoll with his mask, alone and at peace.	одинокий Тряпичный Человечек со своей маской, одинокий и умиротворённый.	
2A15061E4E62F0E13720CA9626D5A784	a real treasure! (Belching)	настоящее сокровище! (Отрыгивает)	
D78D4E2B49F6F7A6DBEE9CAE5EA3CC0C	a shard from the Molgrim’s own cauldron.	осколок из собственного котла Молгрима.	
8597A6484EBFCA47F44C49AB46972B03	a story is a story!	история есть история!	
0B915764417918C06BBD1ABD08FF5F86	a thief is the cause of our doom and shame!	воровка — причина нашей гибели и позора!	
12149A00498DFE018CFFE194636195E4	about the monster in the woods.	о чудовище в лесу.	
DC05B83C4B18ACDB9DBD59BDF25541ED	ain’t...	не...	
C737F9474F7A6D4E177E7C94AE3FCE31	all darkness would vanish.	вся тьма исчезнет.	
143888754CD0E3275DBD768D071C2F45	all the way to your infernal doom.	вдоль всего пути к своей инфернальной погибели.	
A08817414FB1174140D6D68D0E780F30	all the way to your infernal doom.	вдоль всего пути к своей инфернальной погибели.	
AAFE88C4415E57A8CCC54C84A6ACFF18	all the way to your infernal doom.	вдоль всего пути к своей инфернальной погибели.	
B010E36441DA869D88CBE5B84DCEF594	all the way to your infernal doom.	вдоль всего пути к своей инфернальной погибели.	
D969B2F546D01E53218548966A89C77B	and I’ll pay you for the effort… headsomely	и я заплачу тебе за хлопоты... головокружительно щедро	
E73C90A845AC9701E3058CA48AE083C7	and a mind to teach its rider a thing or two - to boot	и желание научить своего ездока одной-двум вещам в придачу	
ADA6F9AF4368C62BEB95898A2E9D8C65	and banish our bodies!	и изгнать наши тела!	
2A316B96454EBC1318B6F58A62BD825C	and carried a faint scent of rotting leaves she found irresistible.	и имел слабый запах гниющих листьев, который она находила неотразимым.	
E2CE5C81451A0A818BE558846774D7A0	and ended up with nothing but grief...	и в итоге остался ни с чем, кроме горя...	
00020DEE4C647820798CD6980CCFAAC6	and ever, it's gonna be on my tombstone...	вечные, она будет на моём надгробии...	
49B7BD064EE6A0D7FB8E539BB30246FB	and find out. Freak!	и узнать. Уродец!	
5908B0ED484E0C67F5B00181D6485ED4	and fraught with perils...	и полной опасностей...	
9562A78E472E919D38FA48961896C1A3	and he stayed behind, cemented in his ancient groove…	и он остался позади, застыв в своей древней борозде...	
14BA63C146F0281EDF05F381170AC772	and he’s waiting for the right one to come along. Waiting for something	и он ждёт, когда придёт подходящий. Ждёт чего-то	
E87F9BAF46FDA5D9DCB3B6B9D288AB60	and it was quite enough	и было вполне достаточно	
2548D9374301DA3378B5D5A064039ACD	and keep on walking the Midnight Walk…	и продолжай идти по Полуночной Тропе...	
2E6FAD204C9C1E7F40BFABB4B6E5B6F9	and magical! It's almost like a...	и волшебная! Она почти как...	
C70C412D4751C80B74C9C0B672ECA026	and of the ocean and its deep secrets known only to the sea creatures and the corals,	и об океане и его глубоких тайнах, известных только морским существам и кораллам,	
13226D5A42D60CCD66189A852B93FCAE	and of the twinkling stars that had so much to tell but were too far away to be heard. All of it intertwined in a colorful nap-estry.	и о мерцающих звёздах, которым было так много что рассказать, но они были слишком далеко, чтобы их услышали. Всё это переплелось в красочное сно-творение.	
0683234D41D35C77D8E09CB21BF5A9E5	and organized a Great Beheading! And so it was	и устроили Великое Обезглавливание! Так и случилось	
2C079DE6456779CB3E3216A0DAC9BB40	and our headaches settled into gentle throbbing.	и наши головные боли сменились лёгкой пульсацией.	
041D930143E6413C8965929DBE3EE68D	and proudly upholds the promise: A gift	и гордо выполняет обещание: Подарок	
92A8C97D4A64FBF481A6B3A0E0C06568	and punish the thief who killed us… (Chuckles dryly)	и наказать воровку, которая убила нас... (Сухо посмеивается)	
90C5D0754E6A670D77D84FA44DEF2E2E	and saw now an opportunity to return and	и увидел теперь возможность вернуться и	
063B25904D5CAE016383EB8D21AB707B	and scattered them… but in doing so, we cursed ourselves.	и разбросали их... но, делая это, мы прокляли себя.	
DE2501A14E9BF2C6B12767A6F6163183	and send your Potboy - home.	и отправят твоего Горшочка — домой.	
CFA823604ABA6A5F3EE0C4843C806E47	and she came here to witness tragedy. She feeds on these tales you see	и она пришла сюда, чтобы стать свидетелем трагедии. Она питается этими историями,	
7EB23C7340E2F39922764AA4EF95E83B	and taking a first step… onto a new adventure.	и делая первый шаг... к новому приключению.	
B9A701FC4DC6B5530370F2880565FDB2	and the Thief paid a terrible price for her burning greed...	и Воровка заплатила ужасную цену за свою жгучую жадность...	
A3868DCB460BD259E826B1B0A760F683	and the pitter-patter of feet?	и топоту ног?	
EE21FD10471467A20DA133BE8925C341	and the pitter-patter of feet?	и топоту ног?	
4FBA95E2477121D1E99B118E6CC5A15E	and then I get what I need. It hungers for fire...	и тогда я получу то, что мне нужно. Она жаждет огня...	
64BF7AD44DB3FA82C74290B0AD15B567	and they shall once again look to the sun...	и они снова будут смотреть на солнце...	
2DD1F4364BD3A6461F10739C23E2613F	and took their fire for themselves!	и забрали их огонь себе!	
456144374D3104304BB4ABA279C44A2C	and tossed me into a wardrobe as punishment.	и засунула меня в шкаф в наказание.	
B547349F490897F7DDD2E1853B3137F1	and we put on a show...	и мы устраиваем представление...	
E1D062454FBA3D34702623B6619CA4FE	and went on her way, deeper into absolute darkness.	и пошла своим путём, глубже в абсолютную темноту.	
0ACED6C64835BBB78FF73BBFD4010BA5	and with it, we set ourselves ablaze.	и с ним мы подожгли себя.	
6F2A56174ED2378FDEB9E182892F24BF	and would you believe, it was my own house leaving me!	и представь себе, это был мой собственный дом, покидающий меня!	
DA47EFD147A783DF3BDDEEBBA452B6C3	and would you believe, it was my own house leaving me!	и представь себе, это был мой собственный дом, покидающий меня!	
2187E39941DFCA918F02FE8BE6FFB784	and you and your wandering flame must now leave through our gates…	и ты и твоё странствующее пламя теперь должны уйти через наши ворота...	
D5920B07468348B4AD02338E71A0E965	and, mayhap, feed Moonbird!	и, возможно, накормит Лунокрыла!	
29E3E2CC41411A0D4B62128893A244F8	and... and go away!	и... и уходи!	
4685719F4ADAC9945041DAA57B87BE08	are you asleep? / nah. /me neither / I think it's starry outside / and the moon / we were awake for a long time, the others too / those who only almost existed, lived inside us / in the end, only they were awake	ты спишь? / неа. / я тоже / я думаю, снаружи звёздно / и луна / мы долго не спали, остальные тоже / те, кто только едва существовал, жили внутри нас / в конце концов, только они бодрствовали	
A0602E0C40570C2D965FAE85B1BB1523	as a reminder to the Maker that there is always something to smile about	как напоминание Создателю, что всегда есть повод для улыбки	
33B7E62F429679887EA616A086111577	as long as The Midnight Walk.	такой же длинной, как Полуночная Тропа.	
4B57A00E42B4D4D0B50E2C84835DC1EB	as she pulled out a crooked knife.	доставая сгорбленный нож.	
661018314B96929892C7ECB77FA7AA5C	as the cold chewed paper moon rose over the Mountain.	в то время как над Горой поднималась холодная, пожёванная бумажная луна.	
CB71E9994238011523D91791194BA73E	asked 'do you know who took the sun away?'	"спросила ""ты знаешь, кто похитил солнце?"""	
E1626AAF438008941EC1B98FCC1A7F12	bask in their glory, pick rocks on a cloudy summers day?	чтобы погреться под ними, пособирать камни в облачный летний день?	
8E7FA5964F90A9671922AE80B2EBBCDD	beautiful.	красивые.	
37DF85914681FB1CD9D41BB76947F649	because that was my last one, and… well ...(Shudders)	потому что это была моя последняя, и... ну...(Содрогается)	
3DEF14314BC75DB58AF7EBAEBBE83666	before she knew it, she was dancing too. When it was all over,	не успела она опомниться, как тоже пустилась в пляс. Когда всё закончилось,	
C1A384FB4AFA9911C1520D9C19117FA1	before the Dark does...	прежде чем это сделает Тьма...	
E41E5E9B4FBDECDC9D8485885B767B65	before you can become a Nobody.	прежде чем ты сможешь стать Бестельником.	
2475B45F457E93AE535E339C9E944491	before you can…	прежде чем ты сможешь...	
DA7C98424C72E5FB874AB8A368446C5F	began to collect matches - lighting them like miniscule suns of their own.	начали собирать спички — зажигая их как крошечные солнца.	
F0E6C7B64B3029AE953B588603EF4AF6	bitterly, together…	горько, вместе...	
8DD4DC1240A8A1F9B0C6048F1A368831	bringers of bugs, slime and mushrooms	носители жуков, слизи и грибов	
08149E324C7824BA87CC4F8E02CC7AF7	broken, deaf, and blinded...	сломленным, глухим и ослеплённым...	
4B1C19184E59857C1DFB06AF539B6B98	buds of pearls / cernite porcelain / a dream / working less, living more lace curtain, cardboard sink, but still / the sense of a home, a kitchen	жемчужные бутоны / фарфор / мечта / работать меньше, жить больше, кружевная занавеска, картонная раковина, но всё же / ощущение дома, кухни	
00A258D94885ADD666DF61B7175549B0	but I don’t trust you or your flesh twigs one BIT.	но я не доверяю ни тебе, ни твоим мясным веточкам ни КАПЕЛЬКИ.	
66C9A37F41441496219F8A9B63D3D487	but I don’t trust you or your flesh twigs...	но я не доверяю ни тебе, ни твоим мясным веточкам…	
44A16E3B4FCB123611AE7CB4E1249851	but I will not surrender my loneliness so quickly.	но я не отдам своё одиночество так легко.	
73388CB94AD2914406AD47B682D8685F	but a terrible master.	но ужасным хозяином.	
89B04D014188F6A2BB726384E081CFDA	but a wonderful servant.	но замечательным слугой.	
AC1029D44075021F567BE5A72FDFD1C0	but defiant.	но непокорный.	
31BC13C3471E0755B9A46F8C90E61752	but her haunting song, it makes me hateful. (Hisses)	но её навязчивая песня пробуждает во мне ненависть. (Шипит)	
617FCE9840728097BBDE66A051621372	but her song does endure. (Growls)	но её песня продолжает звучать. (Рычит)	
9201C1FF40487B7D0F66E8AF673C61AE	but it is always hungry for more.	но она всегда жаждет большего.	
BBF5E9D0486DC0C56730E8B71F25E515	but it is only a whisper.	но это лишь шёпот.	
17759E1C4A1F220E752F6187E172307E	but it is still enough for the climb to Moon Mountain...	но этого всё же достаточно для подъёма на Лунную гору...	
673354FC4794547D0609BA82DA295161	but it won’t utter a word about itself.	но она не произнесёт ни слова о себе.	
A8F37CF143824183C64218AEE056ED11	but it’s even less without song.	но без песни ещё меньше.	
28FD64C7442DF3C3B2E232A002CFD255	but justice. Sweet justice...!	но справедливость. Сладкая справедливость...!	
E901E8A74D64C4DC4392759F9EC12C63	but not before we had betrayed ourselves, fire in fist.	но не раньше, чем мы предали себя, с огнём в кулаке.	
13040B3A44CABF5EE5177EB628CC5376	but that song... (Hisses) It lingers!	но эта песня... (Шипит) Она верещит!	
DA9C665B476CC423863413A8A4CEB50D	but the Maker just kept on taking!	но Создатель просто продолжал брать!	
8F33F3B54C413A2A03B7C9BB4E087054	but the Murkle sure wasn’t in the mood to discuss teacups.	но Мёркл совершенно не была в настроении обсуждать чайные чашки.	
0C3E4B4B4C22F32C65569CBFA270E3D0	but the cat could tell she needed it all for herself.	но кошка могла сказать, что всё это было нужно и ей самой.	
64834C0240472765618888A49BD773F8	but the first of the fire-eating Crawlers. And they	а первых из пожирающих огонь — Ползунов. И они	
198F443744BAE601451E34A1E2AC8DC6	but the last embers will light the final fireplace	но последние неугасшие зажгут последний камин	
8CE682664DDE04C930153BA433683D99	but the wicked who love destruction	а злодеев, что любят разрушение	
F218E8FD4DE73D0C5F9537862BB4FC64	but then, on the other...	но с другой...	
D19758E441FE28A8A349809753038E54	but they hadn’t been a waste of time, either.	но и пустой тратой времени они тоже не были.	
A1909DC64617D64276860A995493497C	but this one... this one is the best by far!	но эта... эта лучшая из всех!	
5DD2305D44F1E94BDEFC49B3D3B46B3B	but this time it had been much too long for her taste.	но на этот раз это продолжалось слишком долго, на её вкус.	
722A396F45B9215759BD5285335257B6	but why not kill the noise head makes?	но почему бы не убить шум, который создаёт голова?	
A6A9902A4A151F1A79A79CB8B935BC57	can't believe I found this stick!	не могу поверить, что нашёл эту палку!	
98F86D3D4D9682C12E60DFBF78EE1463	chop our own heads off	отрубить наши собственные головы	
56216FCA44C1973EFB40D2AD1EDB4220	close the doors, and I sit, perfectly still.	закрываю дверцу, и я сижу, совершенно неподвижно.	
60E0A529497E1FB1028873965005672C	closer to Nobodyville, I’d find the rest of my way back for sure!	ближе к Бестеловиллю, я бы наверняка нашёл остаток своего обратного пути!	
A75FEFC24863E0E8BC2134B7E79E7B71	closer to Nobodyville, I’d find the rest of my way back for sure!	ближе к Бестеловиллю, я бы наверняка нашёл остаток своего обратного пути!	
ACBA7505444218F31AC493BD94F31379	crawled into this world, absolutely starving...	вползли в этот мир, совершенно голодные...	
E96E472147817A1AD841D5B511EE427D	dead!	мертва!	
F8758029442FDBD0B64E6C8BAB6A7A41	dead...	мертва…	
4D820B24484ABBA675103E8DDDF8B186	demonstrated the value of brain mass and heart blob - working together.	продемонстрировал ценность мозговой массы и сгустка сердца — работающих вместе.	
78F0C3FC4D8D2A3E47A4879D6A75D231	did I say it's the best stick?	я уже говорил, что это лучшая палка?	
CB9D0DF84E1FB5F68AF361939F6CB31A	does this look like a place for bodies to you?	это похоже на место для тел, по-твоему?	
C3B5081C48A2A214E853C3888131EDCE	doin' whatever it is you're tryin to do!	делать то, что ты пытаешься сделать!	
FF00A2F74E291B992F301C9C952C4A96	down The Midnight Walk, and to the Darklands...	вниз по Полуночной Тропе, в Темноземье...	
DF410B3F4F4DFA7630E5E291DDD29A04	down the Midnight Walk.	вниз по Полуночной Тропе.	
C2225DF84DB27C7F0BB50888CC213A56	down your Midnight Walk.	вдоль твоей Полуночной Тропы.	
8F17DC5A49B4F7080232B1B2E0C94973	during times of dark, to perform a task.	во времена тьмы, для выполнения задачи.	
C718E55842E9D27C668C118E3AFB0304	edible!	съедобно!	
2D8D92F743787C7E6CDEA188E10D6B38	eternally warm… and at peace.	в вечном тепле... и в покое.	
71FC95B6489FAD518560E493AE846264	even when things don’t go the way you hoped...!	даже когда всё идёт не так, как ты надеялся...!	
C0BF4FA0499CD264F65C85979023269C	eyes on the horizon. Gosh, the horizon.	глаза на горизонт. Боже, горизонт.	
F993326749B279EB12C7859842030C67	failing to see that she needed a fire of her own.	не видя, что ей нужен был свой собственный огонь.	
91FD1FD74F5D2F75698EAAB58A287329	fed it trees and fire like it was a hungry, angry god.	кормили её деревьями и огнём, словно это был голодный, злой бог.	
482C46574A53C7955C11FB95A0B62C65	fire is our window to truth and into the world beyond clay,	огонь — наше окно к истине и в мир за пределами глины,	
5F50FD6A4C3A06C194C5129C35484AA6	following its stream away from the swamps. Although the Molgrim was far behind her,	устремилась по его течению прочь от болот. Хотя Молгрим был далеко позади неё,	
96CEFB994DD7A9C66646D99D2BC37067	for arms, legs and fire.	рук, ног и огня.	
BCCE6DCC4683724492A4E286A69FB1E4	for as soon as they held the fire in their grubby hands	ибо как только они взяли огонь в свои грязные руки	
DA10E0D34071B29308C6DF8FC89DFF9E	for more!	большего!	
A4F0E1544B48C3EA6BD373A7A33B6C6C	for those who keep fire in their heart.	для тех, кто хранит огонь в своём сердце.	
7F74A476410A8831AE4D2C8AF39E3495	for us tiny ones to cower in, for existence was so big,	для нас, крох, чтобы съёживаться в них, ибо существование было таким большим,	
C5D3A17141A94E1C9681BBA1CF02EF04	for us tiny ones to cower in, for existence was so big,	для нас, крох, чтобы съёживаться в них, ибо существование было таким большим,	
C7B1658D4B657C7725311BAA09B024D5	grashoushly saved our necks, but also	любэзно спас наши шеи, но также	
0F7A7C3842C32192D7EE40A9C3D81B6A	guided his greedy hands into creating not people	направила его жадные руки на создание не людей	
4ECA762144A261D7169E5D9669B0561D	had nothing left to eat but the hope of others.	было нечего есть, кроме надежды других.	
343C487B4E49B4B8F72535A3AD6CD038	had the most strange and beautiful dream.	видели самые странные и прекрасные сны.	
ADC0EB754298279B74FBFB9EEC255F85	has taken the last campfire from us.	забрала последний костёр у нас.	
37B2E6E34338E5208A15AB807E6A6A68	he keeps building, building without love for his craft...	он продолжает созидать, созидать без любви к своему ремеслу...	
5B27DFE840596509ABF7D4A42E5CA7BE	he still has a ways to go until Moon Mountain.	ему ещё долго идти до Лунной горы.	
42EFD5C34751CE2B89AF1AA0EE241366	he went back to the Great Drawing Board.	он вернулся к Великой чертёжной доске.	
7ABE9DB24082F559A3EC3B9A4F7BFCC0	his twisted sculptures came alive!	его искажённые скульптуры ожили!	
CD6DACF74364232AC23B099317786A20	how to care for it, enjoy it. But if I had it again tonight...	как заботиться о нём, наслаждаться им. Но если бы оно было у меня снова сегодня ночью...	
C13EDDA14C458904C8B232A6D31576A3	hundreds of ‘em	сотнями	
04619B3F449F53C143071582C5BA1DF0	if I could point.	если бы я могла указать.	
4515476F4E06310CC3BFC1905C113B1A	into our hollow husks, (coughs) turning us cold and wicked.	в наши пустые оболочки, (кашляет) делая нас холодными и злыми.	
FC98E91145946A5D469CD2852363F6B2	it leads to the house on the hill.	он ведёт к дому на холме.	
CCB907A34B6560C4D4A950BE9AFDEAD4	it spread its light; brought me and my neighbors warmth.	он распространял свой свет; принёс мне и моим соседям тепло.	
39F92FB045F9937637F75AA9448058ED	it takes you places, tells tales...	она ведёт тебя в разные места, рассказывает истории...	
055DA799451CF0140DF4A4B4572D894D	it used to run on coal and fire, dontcha know.	раньше она работала на угле и огне, знаешь ли.	
B87FD6DA4B9C22CC1DCAC494B331F453	it's my favorite stick in the whole wide world	это моя любимая палка во всём мире	
95DAA16A4DB683E72B6F158BD646F329	it's so shiny and...	она такая блестящая и...	
2B85A20443CE89F1CA70CAB96E8AF3B1	it's the best one in my collection	это лучший экземпляр в моей коллекции	
CB9670C04D1906910DB575BC6488013A	it's the best stick	это лучшая палка	
8DA77A014D31FFB117937B8DD1A6D747	its call irresistible.	её зов неодолим.	
E2EF048B432068CB00583294671F0BB1	its secrets locked away behind the stars.	её секреты заперты за звёздами.	
8C0A1FBF4DA9C21BC5D51DB10F9E1742	its warmth since the bodies were banished.	его теплом с тех пор, как тела были изгнаны.	
50196BFF44C47B91477A139AE3F88BF7	just like the ones who came before… But they’re all long gone.	прямо как тем, кто приходил до тебя... Но они все давно покинули нас.	
5B877D3B4E351B49824648BED7D97D2D	just see for yourself.	просто посмотри сам.	
F2E82ABB425EF37B9A8B65A6532A51EF	kept his fire locked away in his chest.	держал свой огонь запертым в груди.	
D4BCC64F418552289734959D20B1C476	knew not what they were dealing with	не знали, с чем имеют дело	
596AC7434F62329BF0A926ABEFF8F2A6	know what to do with us. So I reckon that’s why	знали, что делать с нами. Полагаю, поэтому	
67E4F57A47287E5CF534C689E94E76FB	know what to do with us. So I reckon that’s why	знали, что делать с нами. Полагаю, поэтому	
CA5FB6924E4A529E6021EC9C190BDD01	knowing that we Somebodies are about to tear each other apart...	зная, что мы, Тело-веки, вот-вот разорвём друг друга на части...	
676F0C5A48E2D36BE164F3965AEC70AF	left behind by the Craftsmen of old.	оставленные Ремесленниками древности.	
EACAA27146ADB2ECF284F4AC276E84C9	left behind by the Craftsmen of old.	оставленные Ремесленниками древности.	
2D90E25A4ACD99D84225538D96FD4061	left her lair and went out into the cool night. 'Wait a minute.' she exclaimed. 'Night?'	"покинет своё логово и выйдет в прохладную ночь. ""Подождите минутку."" — воскликнула она. ""Ночь?"""	
FA5127F7476E338687ED2C8C41816992	like a magic stick! It's the best stick I have.	как волшебная палка! Это лучшая палка, которая у меня есть.	
4A7FDBE04780AC9E44C9BA88BDDEBDA0	like little stars of her own...	как множество её собственных звёздочек…	
88C0E8C240B5A3937EEB8E842F6BF16A	like something was on the way, a danger I never could’ve guessed.	будто что-то приближалось, опасность, которую я никогда не мог предугадать.	
9EC782D444FD435E331577B4190AFBCD	look at that stick!	посмотри на эту палку!	
C31C5964444D9F61DBF24E97AED6E5BF	lose your way along the Midnight Walk.	собьёшься с пути на Полуночной Тропе.	
60CBAE994E4DCA169E19009A8BC7E92E	make the worms in our bellies dance again!	заставить червей в наших животах снова танцевать!	
BADCEA7B4A8D05939A2B9B9A02518D2B	manifest a pair of glaring eyes in search of its face,	явить пару пристальных глаз в поисках её лица,	
ED90E7EA42836D995B8D85887D4805C7	manifest a pair of glaring eyes in search of its face,	явить пару пристальных глаз в поисках её лица,	
12D8FD33431F41D9461D909A7F056842	memories or echoes of things that came before,	— воспоминания или эхо того, что было раньше,	
4C0B895E4C464C8E60488F9C23211CC5	memories or echoes of things that came before,	— воспоминания или эхо того, что было раньше,	
8B382FD14FB1DDE912F5B195121ACD5A	my my...	кто это у нас тут...	
6FB81ACF423F1CA57D5CD6A6CA961282	never sated, always craving…	вечно ненасытное, вечно жаждущее…	
CE7541BE43C10374C8F1CFAF6912ACC7	no Coalhaven.	нет Углеграда.	
6C2AB76B4E51D7EB027C1FB423635BC6	no fire…	нет огня…	
1DE8FEB14B92175C3D3CFCB96D584F1B	no nasty coal-digging persons, I pray.	никаких противных углерыльных личностей, молюсь.	
C69B5B684584D95D6B983FBF0F38641C	no sir, It's the best stick in the world!	нет, сэр, это лучшая палка в мире!	
1C6CD2AE40352670E77E82B3BD9C3CB3	not Somebodyville! Does... does-does...	не Теловилль! Разве... разве-разве...	
3D7FDB9F41D98E4B49F0579CA2EEFE9A	not by the sun’s life-giving caress… but once again by the silently mocking night sky.	не лаской солнца, дарующей жизнь... а снова безмолвно насмехающимся ночным небом.	
A739ADFC4AEBAB97E04AAEADA59D29B8	not directly at least. It transmits little nasty recordings	по крайней мере, не напрямую. Она передаёт лишь крошечные противные отголоски	
E23A58B04FB745679604628D9F0C13B2	not directly at least. It transmits little nasty recordings	по крайней мере, не в прямом смысле. Она передаёт лишь крошечные противные отголоски	
7F63D6C242F52006146C1DBADF93F73E	now I love sitting alone in the dark. I get into the wardrobe,	теперь я люблю сидеть один в темноте. Я забираюсь в шкаф,	
C6696B67407372FEFD5DFA83AD584367	now this stick is in my life everything's so much better	теперь, когда эта палка есть в моей жизни, всё стало намного лучше	
599203FB4113EC8BD61B6EA4DA90BFED	of new beginnings, waiting on the other side of grief.	о новых началах, ожидающих на другой стороне горя.	
F609F0D845FF6F21DEB90495371EA416	on dangerous detours that didn’t make sense...	на опасные окольные пути, не имевших смысла...	
1B3C9E7F4367BE204B51A89C870154CE	on one hand it’s just a matter of walking down the road	с одной стороны, нужно просто идти по дороге	
9CB19C76415F5AB49C05589A3A697D18	one bit!	ни капли!	
64B8FEFB45D9FD0EB3A571A08365138B	one could’ve fallen straight into the skies.	можно было упасть прямо в небеса.	
B4B65E264A17072DEEE70B9247450907	one could’ve fallen straight into the skies.	можно было упасть прямо в небеса.	
CFD6792E428F09BB98803A8201F0A425	patiently waiting for us to enter it…	терпеливо ожидая, когда мы войдём в неё…	
3967362746FAEB3192998CA88469FCDF	pointy hat and hollow gaze. He’s been around longer than you or I.	остроконечная шляпа и пустой взгляд. Он здесь дольше, чем кто-либо из нас с тобой.	
D50E5EBE4B0E395DF8616EAC88D8A966	put it back where it belongs? Yeah.	вернёшь его туда, где ему место? Ага.	
CFAA9B9647AAFA17A1180D9F035DA3D2	screaming it out like the howling Molgrim, laughing it out like the starving Crawlers who	выкрикивая это, как воющий Молгрим, хохоча, как голодные Ползуны, которым	
5D155FC6405BADC2036E25A1EF55490A	searched every nook, cranny and hatch	обыскал каждый угол, щель и люк	
340E640D439EC36E253A9D9C80415A62	seemed so small against the vast night sky.	казался таким маленьким на фоне огромного ночного неба.	
C793BEDB4D8000FE4B63E697C8FD6D21	sharing good eatings and howlings around their Fire	делясь хорошей едой и воем вокруг их Огня	
FA54174844BF27E81F5834942CA5E9C1	she bumped into a girl sitting in the snow.	она наткнулась на девочку, сидящую в снегу.	
4CCE292641D5B17A533201A06CF238B4	she could still hear its melancholy howl.'Mad with grief' she mumbled, 'as I will be, unless I find the sun again.'	"она всё ещё могла слышать его меланхоличный вой. ""Безумен от горя"", — пробормотала она, — ""как и я, если снова не найду солнце""."	
29835C614EC9C70CA31C03B2A4FB1094	she had lost him to the Dark. One night, there came a knock	она потеряла его во Тьме. Однажды ночью раздался стук	
C77E0E5A42799F685ABFBEBD6246FF39	she managed to open up to the winds and followed their gentle push south,	ей удалось открыться ветрам и последовать за их нежным натиском на юг,	
997EC84B419E5855C71D05A23B5F079B	she remained silent until her son gave up and left, never to return again.	она оставалась безмолвной, пока её сын не сдался и не ушёл, никогда больше не возвращаясь.	
046908C043FF7B14F2B474B2FD8C361C	so I take a match, I light it, and I offer it.	поэтому я беру спичку, зажигаю её и предлагаю.	
9642043C4328980B1E7C37B4E9BFBE1C	so far that no creature could reach it.	так далеко, что ни одно существо не могло до него дотянуться.	
27E59765491CE51357BBBC97323F2FA0	so is the shame a part of me, mine alone to bear.	так и стыд — часть меня, только мне одному нести его.	
C0F2DB2240789E99A9C618BB6AA9B35F	so long as the Craftsman laments!	пока Ремесленник скорбит!	
4AEBF6724C15778BEF93D7A86A4916D8	so much so that I became obsessed with these huge electric lamps	настолько, что я стала одержимой этими огромными электрическими лампами	
DF53DFAB4FC0E312BAD837B3CAA382AC	so much so that I became obsessed with these huge electric lamps	настолько, что я стал одержим этими огромными электрическими лампами	
FA5B86954775BFAF920C60B149868EF9	so much, it's my best stick in my whole collection	так сильно, это моя лучшая палка во всей моей коллекции	
0857D5024D44B9987E83A181F7C937A2	so she could hear her beauty for herself.	чтобы она сама могла услышать свою красоту.	
B1FFDEFB412F78350B31CFB63DC38B02	so that no closet monsters would notice me.	чтобы никакие шкафные монстры не заметили меня.	
24E308384649A34B63EF93837E145651	so vast, that without a roof above one’s head	настолько огромным, что без крыши над головой	
F1907BAF48E36970EC934BBE915F09C3	so vast, that without a roof above one’s head	настолько огромным, что без крыши над головой	
97F3B9DC427B19FF402E778C286DA547	so you and I could talk again. I hope this works,	чтобы ты и я могли снова поговорить. Надеюсь, это сработает,	
8F04F44B43B5B6B2E158DDB3E8496CED	some folk on the other side of this and that	некоторые люди по ту сторону того и сего	
BE78A54F4D634AD54F33A7B7EBA7DB2B	something he thought he’d glimpsed in his nightmares.	нечто, что, как он думал, мельком видел в своих кошмарах.	
92E855EE439D17E5D7BA1D8276A22C43	something to name so that we could tame it.	что-то, чему можно дать имя, чтобы мы могли её приручить.	
FBD8529540D09165165F8D89249CC837	something to name so that we could tame it.	что-то, чему можно дать имя, чтобы мы могли её приручить.	
0DCCE43941B5813182A1FF91C5CA9282	spoke his final verse: ‘Here was I born, and here I lived;'	"произнёс свой последний куплет: ""Здесь я родился, и здесь я жил;"""	
B32BDE0342AE19ACF9923F9C5655BC88	stilts of yours could take you places, fast.	ходули могли бы перенести тебя куда угодно, без промедления.	
BA855DCE4AF19B14D7D36DB594F172C7	sucking their fire dry like marrow from a bone!	высасывая их огонь досуха, как костный мозг из кости!	
5E1DE28D4B7EA3BF24DAF2AC8A320384	take bloody vengeance upon the Heads	совершить кровавую месть над Головами	
7E885A9049CF5102528BE89BBDD81CAC	that Somebodies became Nobodies and the bodies were exiled.	что Тело-веки стали Бестельниками, а тела были изгнаны.	
466CF14A48BC15B7FA6CAA8FF598E900	that passed through its drapes.	что проходило сквозь её завесы.	
C7BF997941ADC80AA17072A048F866DD	that passed through its drapes.	что проходило сквозь её завесы.	
34B57A6B4E3A457B5BF692ACB6D4FBE3	that she’d written me all those letters to play a joke on me...	что она написала мне все эти письма, чтобы подшутить надо мной...	
5FD494A643FA1322342E66B72F59223E	that she’d written me all those letters to play a joke on me...!	что она написала мне все эти письма, чтобы подшутить надо мной...!	
5A819121473A4ADEF354A78196C405EC	that the Burnt One and a small flame took a wander	что Обожжённый и маленькое пламя отправились странствовать	
BC7E04414F1BD84B6B51669DCACDA175	that the darkness was not behind the missing sun, nor her suffering.	темнота не стояла ни за исчезновением солнца, ни за её страданием.	
2FFD55624495BA3EA9F997B7844AED97	that’ll give him that eureka for his song.	что даст ему то необходимое озарение для его песни.	
B775ACDC4242B05F24ABC4ADD950921E	the Burnt One woke from a deep slumber	Обожжённый пробудился от глубокого сна	
0381163E4F5EE156BFCCA082E8773396	the Craftsmen built the foundations, followed by	Ремесленники возвели фундамент, а затем	
0C22CB084BC9A31DC9D067A35284A298	the Craftsmen built the foundations, followed by	Ремесленники возвели фундамент, а затем	
B8EB23D0437D673FFD6E77B001BA28E5	the Midnight Walk has a mind of its own	Полуночная Тропа имеет свой собственный разум	
4D78D8854330F4F9E8DFACA5AAD3A1E4	the Murkle asked it. But it was too distant so she could not hear its reply, if it had one.	Мёркл спросила её. Но она была слишком далеко, поэтому она не могла услышать её ответ, если бы он был.	
AED17F5842814D18303E059E55C98161	the Murkle found her way back on the road, further away from home than she had ever been.	Мёркл вернулась на дорогу, оказавшись дальше от дома, чем когда-либо.	
F447416A44108A7FB2E41BAC37F631B5	the Murkle heard a harrowing howl. Up on a hill stood a looming figure, dark and still in the quiet of the night.	Мёркл услышала душераздирающий вой. На холме стояла зловещая фигура, тёмная и неподвижная посреди тишины ночи.	
2C8E4D144B7B164D4418B28895510DA5	the Soulfisher answered: 'There have been whispers among the fish and corals about a loathsome,'	"Ловец душ ответил: ""Среди рыб и кораллов ходили шёпоты об омерзительном,"""	
6B11CA884C5B19A8AE4F928DF2A4CC6A	the alleyways narrowing. Turning a corner,	переулки сужались. Повернув за угол,	
D02BDC6541486FB059938CB7FD3A2E0B	the cat left her to her ghosts.	кошка оставила её со своими призраками.	
E79A6CFD4CC488CCABEF6C87C7D83427	the crawlers had gone with the wind.	ползуны ушли вместе с ветром.	
BC96EB3E46993DDD59BD30833372A637	the creature turned around and…	существо обернулось и...	
87379CF04BE39E0B4E3D7F8D968C8BE2	the flame burns with a passion!	пламя сжигает со страстью!	
E1F841CB412AB656A8134A97BDCF96AE	the flame warms the righteous	пламя согревает лишь добродетельных	
666AA30749585BC7C4F30986F4AD7493	the girl asked. 'Isn’t it pretty?'	"спросила девочка. ""Разве она не красивая?"""	
094BCEDA4FEA0E6C90050AA4CD17C9A2	the shadows,	теням,	
030213404C569D1CBE9A03864B3FA151	the trees and rocks. And after them came little houses	деревья и камни. А после них появились маленькие домики	
862F00F94634961DFEC48486D193B372	the trees and rocks. And after them came little houses	деревья и камни. А после них появились маленькие домики	
A8F11F7A4B4238C54AA800ACAF500513	the trees,	деревьям,	
08F0A35747B067F486F3AB9EA4B5597C	the vicar wanted her protection from bad luck.	а священник хотел её защиты от плохой удачи.	
94DD702E4898100F2E0F34AD2339F39A	their masks fell off and they went back to lifelessness. The Murkle silently thanked the dolls for the dance,	их маски отпали, и они вернулись к безжизненности. Мёркл молча поблагодарила кукол за танец,	
D02982BC4D33125354B9C9B7D2A9AC12	then can you maybe take me away from here, please?	тогда, может быть, ты заберёшь меня отсюда, пожалуйста?	
10318ED346FD813884F356A79BF14F97	there wasn't much left to do	мало что оставалось делать	
5E774BBB42FE04F44A9421BDB384AEB1	there will be no passage for you, 'limb tree'...	"не будет прохода для тебя, ""деревяшка с конечностями""… Поди прочь."	
861999FE40052AD363EE5E9908F32D70	they are returning...!	они возвращаются...!	
5F2987A74854FF98A00B8180B8763C9A	they began to fight one another with it!	они начали сражаться друг с другом с его помощью!	
4369FA5D46BCA42F4E7645B4DF50FDB7	they built the Midnight Walk - for us to wander...	они построили Полуночную Тропу — чтобы мы бродили...	
B61F9C304B267E97CC6CE0A5CEC14C6A	they built the Midnight Walk - for us to wander...	они построили Полуночную Тропу — чтобы мы бродили...	
30A3420B41AD02B91CDFCBB17E0D3C19	to Moon Mountain.	на Лунную гору.	
40C485E1441FA8E577D15EA8E5279E11	to Somebodies walkin’ around here with two feet.	Тело-веков, разгуливающих здесь на двух ногах.	
3CBDC4994C056463B42AE48DEE1196C4	to be fettered to the clay and mud.	прикованные к глине и грязи.	
405A7E1C4C022A11500C66B9BA1C8773	to help decompose the old and to bring about the new.	помогаем разлагать старое и приносить новое.	
7EE8B95F440290747CD7ED9D6E1F4ED6	to her cauldron… only then may the cleansing fire burn.	к её котлу... только тогда очищающий огонь сможет разгореться.	
9797132B4D04094B89728F9B28DEEDC3	to her cauldron… only then may the cleansing fire burn.	к её котлу... только тогда очищающий огонь сможет разгореться.	
1F642E754FA0E9E2215EEEA70BCA21B7	to inhabit and appreciate his creation.	чтобы те жили и ценили его творение.	
D1CEEBBB486B91C47D7DF69909F0D813	to light the final fire.	чтобы зажечь последний огонь.	
9B0F157F4C679B720C1959839D350B89	to make sense…	чтобы обрести смысл...	
316BD4CA456F8E56B97E76B1A234E59C	to make things clear...	чтобы прояснить вещи...	
2880993D455B3EAE8D2288AD42E10BC0	to recover from the death of a dream. And the quiet promise	чтобы восстановиться после смерти мечты. И тихим обещанием	
93F0050E478DB21DCA593BA4A88BEA13	to sculpt the face of the Dark Itself	изваять лицо Самой Тьмы	
CD2EA03348C3C408743903B585BC3647	to smile! In the darkest of times, and on the way…	чтобы улыбаться! В самые тёмные времена, и по пути...	
162B6D5540D95CF61CC6168AA1BAFFC7	to tell you how to tend your flame…	говорить тебе, как ухаживать за твоим пламенем...	
C6BBB3DA442A744AB06FA79DF93B17AC	to the stars. Hooh boy,	к звёздам. Ох парень,	
E9042A1341EEB2BCC12520B6DE737161	to those who seek to end us - for they seek to end themselves.	кто стремится положить нам конец — ибо они стремятся положить конец самим себе.	
E30F734F4C68E03B5D01899A749CA1C9	to which we must return. We are noble beings,	к которому мы должны вернуться. Мы благородные существа,	
8D9C4273402FDA290EBA83B97C9C2F86	took a name and went on a hike!	взяла имя и отправилась в поход!	
D70D13E541B45338394C9B8EF03A54A7	took a name and went on a hike!	взяла имя и отправилась в поход!	
DD5BB24440462D7D596411AFF39E0520	trudging deeper and deeper into the mushroom-ridden swamps -	пробираясь всё глубже и глубже в заросшие грибами болота -	
D88292254D68421CD0B7C28D94F783BA	trying again and again / despite everything / all that breaks, cracks, again / a moment's respite, light / then back / thanks for all the help / it wasn't enough then / resistance, refusal, don't want to / no way forward / an impenetrable limit	пытаясь снова и снова / несмотря ни на что / всё, что ломается, трескается, снова / момент передышки, свет / затем назад / спасибо за всю помощь / тогда этого было недостаточно / сопротивление, отказ, не хочу / нет пути вперёд / непроницаемый предел	
74434AF94CA7AE4BAABBE0A3A783738D	until it...	пока оно не...	
29DE9A6B4DEDC18A9979BCBFE56771B1	upon the door. 'It’s your son,' said a voice, 'please let me in!'	"в дверь. ""Это твой сын"", — сказал голос, — ""пожалуйста, впусти меня!"""	
EF1A9FB24410F951D0B6B8839749D226	we care not for its warmth.	нам не нужно его тепло.	
F823DEC64A4EF43762F6969E847F38BE	we couldn’t light the Furnace	мы не могли зажечь Печь	
DD1CF4B241B837383A9399B346B3CFDF	we do not share tales around it,	мы не делимся рассказами вокруг него,	
51900FE74D945AF9B8611FA874F6D14F	we have a problem. It is called… the Molgrim.	у нас проблема. Её зовут... Молгрим.	
856DC98843986E04022A038614C7A5E0	we started fighting each other! And then...	мы начали сражаться друг с другом! А потом...	
52913B1D49AA37DF38DBAD883E29ED29	we tell ourselves - that fetter us to the clay and mud.	которые мы рассказываем себе — что приковывают нас к глине и грязи.	
4E3C504E4537A50737B00988541671E3	we used to worship it - us coal miners did	мы поклонялись ей — мы, шахтёры	
D0D0A9AE4160396D9F2610987A227543	we're big now, we were little / every nook and cranny / everything was so close, so intensely alive / sometimes I can see it still, again / the cousins ​​visit for Easter / we played in the stairs	мы большие сейчас, мы были маленькими / каждый уголок и щель / всё было так близко, так интенсивно живо / иногда я всё ещё вижу это, снова / кузены приезжают на Пасху / мы играли на лестнице	
4BEEE7364A8FA511D21B769E1B485CF9	well, everything. Start anew, you know?	ну, всего. Начать заново, понимаешь?	
CC1C00BB441F4196CAFD598C4011DBDE	what if it doesn’t recognize me?	что если оно меня не узнает?	
5D82195540A662F24A2C62AAD8FD5977	when she came across a dark cave.	пока не наткнулась на тёмную пещеру.	
50D68CEF493234224EC4EABC7947F998	when the fog cleared - he discovered that it was, in fact, empty.	когда туман рассеялся — он обнаружил, что она, на самом деле, пуста.	
9137A424421DE15E4739318C245DC887	when they forced us out into that Maker-forgiven swamp!	когда они заставили нас отправиться в это Создателем-забытое болото!	
EA9651F6446E925932DC78AF4E46CA33	when you can roll and rock...	когда можно катиться и качаться…	
7274F9CB428E775104F167B25DF79DEE	where nothing exists and everything is possible...	где ничего не существует, но где возможно всё…	
E48059004202A9E430B3E4BE58C93FD0	where we might find each other, all of us equal under its cloak.	где мы могли бы найти друг друга, все мы равны под её покровом.	
3E920CD546A5CA32B4802F9CA2B299AF	which they had inherited from the skies.	который они унаследовали от небес.	
EDB2D6384FCB9D1E97AC1B887CA88DC6	who had begun circling her, their language known only to the Dark Itself.	которые начали кружить вокруг неё, их язык известен лишь Самой Тьме.	
3B5820CD4395BEC5DD36DE9E70C29D07	who pulled creative spark from the Dark Itself, without giving it fire.	который извлёк творческую искру из Самой Тьмы, не давая ей огня.	
DFFB6F0C4954623DA3F1A7A9D438102F	why are you here...?	почему ты здесь...?	
567F99AF4A5BD930963D89A8ACBE4280	with a beautiful shard from the Molgrim's cauldron!	прекрасным осколком из котла Молгрима!	
60815A8540939DD8CFEA599F8F7DDCD2	with a burning question clenched in her fist. She felt like punching the dark with it,	со жгучим вопросом, сжатым в кулаке. Ей хотелось ударить им по тьме,	
3839E14B4EC750534AF703BFBDF75743	with fire in our hearts and with eyes wide open.	с огнём в наших сердцах и с широко открытыми глазами.	
C3DBE46742654933A63D57BD04B7A188	with its tiny fire devil! (Grumbles)	с его крошечным огненным дьяволом! (Ворчит)	
691101DA4F5E3DE063B000B7E6550DB5	with not a star on its face. 'Well,' the Murkle mumbled softly to herself.	"без единой звезды на своём лице. ""Ну,"" — тихо пробормотала Мёркл себе."	
380241C04910B7F3340ED791FECBFB53	with our Molgrim problem.	решить нашу проблему с Молгримом	
7080A0DC4DF98C1603487FB48C97207A	with the quest and all.	с заданием и всем прочим.	
569372844E76D5CADD97509BDD6E88E0	woulda plucked ‘em outta the sky, if it were possible…	сорвала бы их с неба, если бы это было возможно...	
C80F80574862FAB7343D29B6B4AF7451	wouldn’t make sense at all, hoot!	не имело бы никакого смысла, ух!	
4A417F2C4CC95B1966191E8F6EDB7164	you can't be here!	тебе нельзя здесь быть!	
5FB877174B5921F22CADFA93079B4BDE	you just haven’t lit it yet...	ты просто ещё не зажёг его...	
A3C98E0546C254140222FCB7F0A1446E	you know where to find us.	ты знаешь, где нас найти.	
BA02935D4F8A9D808336FBAA5E92A4E2	you of burnt clay; you’re still able, your hands idle…	ты из обожжённой глины; ты всё ещё способен, твои руки праздны...	
C4C09ADE4DBA1D9D8FE718B71FA2029F	you will receive… a present. A little gift, yes! Hoot!	ты получишь... подарок. Маленький подарок, да! Ух!	
A514DEAD4140471B131FBDAFB3A3CDE4	you'd be drop-head gorgeous!	ты был бы обезглавлено великолепен!	
D5B0A5014BDFA15873DDE69F9D8DD39C	your Fire has no chance.	твой Огонь не имеет шансов.	
81922D9D4FC4D3E48D478689D0DA7C37	your friend’s is… well, burnin’.	твой друг... ну, горит.	
52018E6E48C513AC6ADFEBADA4AF7613	your purpose burnt into clay.	твоя цель выжжена в глине.	
20EBA9CE419DD3F8C4324F8749BABE48	you’ll be amazed what you’ll hear, if you listen a little.	ты удивишься тому, что услышишь, если немного послушаешь.	
A9C4C18D4F888B93A88F0AAC446B5493	{current}/{total}	{current}/{total}	
58922A3C48A1F2C1BC4DB2B4A702041C	{item description}	{item description}	
5FD97B4E46F5F687C56CBCAD3B0E903F	{item name}	{item name}	
66340C0F408876614550DAB765CF482A	{item type}	{item type}	
AF14BBC84A417289B04233B19099BE26	{level}	{level}	
0C77DB7C4EAFB007000450985B1D4B62	‘Don’t venture into the swamp under the moon,’ they cautioned.	"""Не ходи в болото под луной,"" — предупреждали они."	
9FEA737F40D0C34C25FFD298444C0C07	‘Fore I knew it, my flame began to fade...	"""Не успела я опомниться, как моё пламя начало угасать..."	
826380764989792798F15FA4BD5B65C3	‘There, wild eyes watch, and itching teeth yearn for succulent heads like ours.'	"""Там дикие глаза наблюдают, а зудящие зубы жаждут сочных голов, как наши."""	
24927839484687510821AC95BDA5496F	‘Tis enough, perhaps...	"""Сего достаточно, возможно..."	
778D46734D6A7BC72BEBAEA9ECA30EE7	‘Tis enough, perhaps...	"""Сего достаточно, возможно..."	
ED2AD9D441B0B71BE4EC4F9EA6879369	“Does anyone out here know who took the sun away?”	"""Кто-нибудь здесь знает, кто забрал солнце?"""	
MW::KeyboardControlCollection_Name		 	
MW::MotionBlur_Description			
MW::AspectRatio-10:16	10:16	10:16	
MW::AspectRatio-16:10	16:10	16:10	
MW::AspectRatio-16:9	16:09	16:09	
MW::AspectRatio-3:4	03:04	03:04	
MW::AspectRatio-4:3	04:03	04:03	
MW::AspectRatio-9:16	09:16	09:16	
MW::Nvidia_Needed	"<text color=""#ffff00"">This feature only works if NVIDIA DLSS is set to true.</>"	"<text color=""#ffff00"">Эта функция работает только если NVIDIA DLSS включён.</>"	
MW::AMD_Disabled	"<text color=""#ffff00"">WARNING: This feature only works if NVIDIA DLSS is set to false.</>"	"<text color=""#ffff00"">ВНИМАНИЕ: Эта функция работает только если NVIDIA DLSS выключен.</>"	
MW::NotSupportedSetting	"<text color=""#ffff00"">WARNING: This functionality is not supported.</>"	"<text color=""#ffff00"">ПРЕДУПРЕЖДЕНИЕ: Эта функциональность не поддерживается.</>"	
MW::AMD_FSR	AMD FSR	AMD FSR	
MW::FSR	AMD FidelityFX	AMD FidelityFX	
MW::Acceleration_Name	Acceleration Style	Стиль ускорения	
MW::AccessibilityCollection_Name	Accessibility	Специальные возможности	
MW::Brightness_Description	Adjust the brightness of the game	Настройка яркости игры	
MW::VrVibration_Desc_PS5	Adjusting the vibration Intensity of the DualSense® wireless controller.	Настройка интенсивности вибрации беспроводного контроллера DualSense®.	
MW::VrVibration_Desc	Adjusting the vibration Intensity of the controller.	Настройка интенсивности вибрации контроллера.	
MW::MasterVolume_Description	Adjusts audio volume of the game.	Регулирует громкость звука игры.	
MW::AdvancedGraphics_Name	Advanced Graphics	Расширенные настройки графики	
MW::AntiAliasing_Name	Anti-Aliasing	Сглаживание	
MW::AntiAliasing_Description	Anti-Aliasing reduces jaggy artifacts along geometry edges. Increasing this setting will make edges look smoother, but can reduce performance.	Сглаживание уменьшает зубчатые артефакты по краям геометрии. Увеличение этого параметра сделает края более гладкими, но может снизить производительность.	
MW::ApplyChanges_Name	Apply & Save Resolution Changes	Применить & Сохранить изменения разрешения	
MW::ApplyChanges_Description	Apply Resolution and Window Mode changes. Requires confirmation.	Применить изменения разрешения и оконного режима. Требуется подтверждение.	
MW::ApplyChanges	ApplyChanges	ApplyChanges	
MW::AudioCollection_Name	Audio	Аудио	
MW::Auto	Auto	Авто	
MW::AutoSetQuality_Action	Auto-Set	Авто-настройка	
MW::AutoSetQuality_Name	Auto-Set Quality	Авто-настройка качества	
MW::EMWGamepadType::Automatic	Automatic	Автоматически	
MW::AutoSetQuality_Description	Automatically configure the graphics quality based on a benchmark of your hardware.	Автоматически настраивает качество графики на основе тестирования вашего оборудования.	
MW::SubtitleBackground_Name	Background Opacity	Непрозрачность фона	
MW::Balanced	Balanced	Сбалансированный	
MW::BinauralAudio_Name	Binaural Audio	Бинауральный звук	
MW::VRVignetteBrightColor	Bright color	Яркий цвет	
MW::Brightness_Name	Brightness	Яркость	
MW::PerfStat_FrameTime_GameThread	CPU Game Time	CPU Game Time	
MW::PerfStat_FrameTime_RHIThread	CPU RHI Time	CPU RHI Time	
MW::PerfStat_FrameTime_RenderThread	CPU Render Time	CPU Render Time	
MW::SubtitleBackgroundOpacity_Description	Choose a different background or letterboxing for subtitles.	Выберите другой фон или леттербоксинг для субтитров.	
MW::SubtitleTextColor_Description	Choose different colors for the subtitle text.	Выберите различные цвета для текста субтитров.	
MW::SubtitleTextSize_Description	Choose different sizes of the subtitle text.	Выберите различные размеры текста субтитров.	
MW::Acceleration_Description	Choose how the player moves.	Выберите, как игрок двигается.	
MW::RotationStyle_Description	Choose how the player rotates.	Выберите, как игрок поворачивается.	
MW::VRMovementOrientation_Description	Choose if Left stick or Right stick rotates.	Выберите, вращает ли левый стик или правый стик.	
MW::Seated/Standing_Description	Choose if you want to play seated or standing.	Выберите, хотите вы играть сидя или стоя.	
MW::ESubtitleBackgroundOpacity_Clear	Clear	Прозрачный	
MW::PerfStat_ClientFPS	Client FPS	Client FPS	
MW::PerfStatDescription_ClientFPS	Client frame rate (higher is better)	Пользовательская частота кадров (чем выше, тем лучше)	
MW::KeyBindPage_Description	Configure the Key Binds.	Настроить назначения клавиш.	
MW::PerfStatsPage_Description	Configure the display of performance statistics.	Настройка отображения статистики производительности.	
MW::GamepadControlScheme_Name	Controller Icons	Иконки контроллера	
MW::ControlCollection_Name	Controls	Управление	
MW::Custom	Custom	Пользовательский	
MW::ResolutionScale_Description	Custom Resolution Scale, you can adjust the best scaling percentage by adjusting between performance and graphics quality.	Пользовательский масштаб разрешения, вы можете установить желаемый процент масштабирования между производительностью и качеством графики.	
MW::Sharpness_Description	DLSS sharpening adjustment.	Настройка резкости DLSS.	
MW::VRVignetteDarkColor	Dark color	Тёмный цвет	
MW::ViewDistance_Description	Determines how far away objects are rendered. Less objects visible may affect performance.	Определяет, насколько далеко отображаются объекты. Меньшее количество видимых объектов может улучшить производительность.	
MW::Disabled	Disabled	Отключено	
MW::VRVignetteDisabled	Disabled	Отключено	
MW::Resolution_Description	Display Resolution determines the size of the window in Windowed mode. In Fullscreen mode, Display Resolution determines the graphics card output resolution, which can result in black bars depending on monitor and graphics card. Display Resolution is inactive in Windowed Fullscreen mode.	Разрешение экрана определяет размер окна в оконном режиме. В полноэкранном режиме разрешение экрана определяет выходное разрешение видеокарты, что может привести к появлению чёрных полос в зависимости от монитора и видеокарты. Разрешение экрана неактивно в оконном режиме без рамок.	
MW::KeyBindPage_Navigation	Edit	Изменить	
MW::PerfStatsPage_Navigation	Edit	Изменить	
MW::VisualEffectQuality_Name	Effects	Эффекты	
MW::VisualEffectQuality_Description	Effects determines the quality of visual effects and lighting in game. Increasing this setting will improve the quality of visual effects, but can reduce performance.	Эффекты определяют качество визуальных эффектов и освещения в игре. Увеличение этого параметра улучшит качество визуальных эффектов, но может снизить производительность.	
MW::Filmgrain_Description	Enable or disable Film Grain. Disabling it may give a small performance boost.	Включение или отключение эффекта зернистости. Отключение может дать небольшое повышение производительности.	
MW::InvertHorizontalAxis_Description	Enable the inversion of the Horizontal look axis.	Включить инверсию горизонтальной оси обзора.	
MW::InvertVerticalAxis_Description	Enable the inversion of the vertical look axis.	Включить инверсию вертикальной оси обзора.	
MW::VisualAidEnabled_Description	Enable visual aid to show object locations while closing your eyes. For players with hearing impairment, we recommend enabling this option.	Включить визуальную подсказку для отображения расположения объектов при закрытии глаз. Для игроков с нарушениями слуха мы рекомендуем включить эту опцию.	
MW::HeadBobEnabled_Description	Enable/disable Head Bob when moving through the world	Включение/отключение покачивания головы при перемещении по миру	
MW::Enabled	Enabled	Включено	
MW::EnabledBoost	Enabled + Boost	Вкл + Ускорение	
MW::GazeTracking_Description	Enables Gaze Tracking, allowing you to close your actual eyes in order to use eye mechanics in the game.	Включает Отслеживание Взгляда, позволяя закрывать ваши реальные глаза для использования механики глаз в игре.	
MW::VerticalSync_Description	Enabling Vertical Sync eliminates screen tearing by always rendering and presenting a full frame. Disabling Vertical Sync can give higher frame rate and better input response, but can result in horizontal screen tearing.	Включение вертикальной синхронизации устраняет разрывы экрана, всегда отрисовывая и представляя полный кадр. Отключение вертикальной синхронизации может дать более высокую частоту кадров и лучший входной отклик, но может привести к горизонтальным разрывам экрана.	
MW::BinauralAudio_Description	Enhanced spatialization for headphones and VR. (Do not use with speakers!)	Улучшенное пространственное звучание для наушников и VR. (Не использовать с динамиками!)	
MW::AntiAliasingEpic	Epic	Эпическое	
MW::PostProcessingQualityEpic	Epic	Эпическое	
MW::ShadowEpic	Epic	Эпическое	
MW::TextureQualityEpic	Epic	Эпическое	
MW::ViewDistanceEpic	Epic	Эпическое	
MW::VisualEffectQualityEpic	Epic	Эпическое	
MW::EVRAcceleration::Exponential	Exponential	Экспоненциальный	
MW::ESubtitleTextSize_ExtraLarge	Extra Large	Очень большой	
MW::ESubtitleTextSize_ExtraSmall	Extra Small	Очень маленький	
MW::ViewDistanceFar	Far	Далеко	
MW::Filmgrain_Name	Film Grain	Зернистость	
MW::FrameGeneration	Frame Generation	Генерация кадров	
MW::Amd_QualityMode_Description	Frame Generation boosts frame rates by using AI to render additional frames.	Генерация кадров повышает частоту кадров, используя ИИ для отрисовки дополнительных кадров.	
MW::FrameGeneration_Description	Frame Generation boosts frame rates by using AI to render additional frames. This feature requires a GeForce RTX 40 Series graphics card.	Генерация кадров повышает частоту кадров, используя ИИ для отрисовки дополнительных кадров. Эта функция требует видеокарту GeForce RTX серии 40.	
MW::FrameRateLimit_Always_Name	Frame Rate Limit	Ограничение частоты кадров	
MW::PerfStat_FrameTime	Frame Time	Frame Time	
MW::FrameRateLimit_Always_Description	Frame rate limit sets the highest frame rate that is allowed. Set this lower for a more consistent frame rate or higher for the best experience on faster machines. You may need to disable Vsync to reach high frame rates.	Ограничение частоты кадров устанавливает наивысшую допустимую частоту кадров. Установите значение ниже для более стабильной частоты кадров или выше для наилучшего опыта на быстрых машинах. Возможно, потребуется отключить Vsync для достижения высокой частоты кадров.	
MW::WindowModeFullscreen	Fullscreen	Полноэкранный	
MW::PerfStat_FrameTime_GPU	GPU Render Time	GPU Render Time	
MW::GazeTracking_Name	Gaze Tracking	Отслеживание взгляда	
MW::GlobalIlluminationQuality_Name	Global Illumination	Глобальное освещение	
MW::GlobalIlluminationQuality_Description	Global Illumination controls the quality of dynamically calculated indirect lighting bounces, sky shadowing and Ambient Occlusion. Settings of 'High' and above use more accurate ray tracing methods to solve lighting, but can reduce performance.	"Глобальное освещение контролирует качество динамически рассчитываемых непрямых отскоков света, затенения от неба и окружающей окклюзии. Настройки ""Высокое"" и выше используют более точные методы трассировки лучей для расчёта освещения, но могут снизить производительность."	
MW::PerfStatDisplayMode_GraphOnly	Graph Only	Graph Only	
MW::EVRMovementOrientation::HandOrientedLeft	Hand Left	Левая рука	
MW::EVRMovementOrientation::HandOrientedRight	Hand Right	Правая рука	
MW::EVRMovementOrientation::HeadOriented	Head	Голова	
MW::HeadBobEnabled_Name	Head Bob	Покачивание головы	
MW::VrVibration_Name	Head Vibration Intensity	Интенсивность вибрации головы	
MW::AntiAliasingHigh	High	Высокое	
MW::ESubtitleBackgroundOpacity_High	High	Высокое	
MW::PostProcessingQualityHigh	High	Высокое	
MW::ShadowHigh	High	Высокое	
MW::TextureQualityHigh	High	Высокое	
MW::VisualEffectQualityHigh	High	Высокое	
MW::VRVignette_Intensity_Description	How strong the vignetting will be	Насколько сильным будет виньетирование	
MW::PerfStat_IdleTime	Idle Time	Время простоя	
MW::ImageScaling	Image Scaling	Масштабирование изображения	
MW::ImageScaling_Description	Image Scaling boosts frame rates using GPU scaling and sharpening.	Масштабирование изображения повышает частоту кадров с помощью масштабирования GPU и повышения резкости.	
MW::NIS_Sharpness	Image Scaling sharpening adjustment.	Настройка резкости масштабирования изображения.	
MW::WindowMode_Description	In Windowed mode you can interact with other windows more easily, and drag the edges of the window to set the size. In Windowed Fullscreen mode you can easily switch between applications. In Fullscreen mode you cannot interact with other windows as easily, but the game will run slightly faster.	В оконном режиме вы можете легче взаимодействовать с другими окнами и перетаскивать края окна для изменения размера. В оконном режиме без рамок вы можете легко переключаться между приложениями. В полноэкранном режиме вы не можете так легко взаимодействовать с другими окнами, но игра будет работать немного быстрее.	
MW::VRVignette_Intensity	Intensity	Интенсивность	
MW::InvertHorizontalAxis_Name	Invert Horizontal Axis	Инвертировать горизонтальную ось	
MW::InvertStickVr_Name	Invert Stick in VR	Инвертировать стик в VR	
MW::InvertVerticalAxis_Name	Invert Vertical Axis	Инвертировать вертикальную ось	
MW::InvertStickVr_Description	Invert the stick navigation.	Инвертировать навигацию стиком.	
MW::KeyBindPage_Name	Key Bind Page	Страница привязки клавиш	
MW::EMWGamepadType::Keyboard	Keyboard	Клавиатура	
MW::Keyboard/Binds_Name	Keyboard Binds	Привязки клавиатуры	
MW::Keyboard/Binds	Keyboard/Binds	Клавиатура/Привязки	
MW::LanguageCollection_Name	Language	Язык	
MW::LanguageSetting_Name	Language	Язык	
MW::ESubtitleTextSize_Large	Large	Огромный	
MW::EVRAcceleration::Linear	Linear	Линейный	
MW::LookSpeed_Name	Look Speed	Скорость взгляда	
MW::ESubtitleBackgroundOpacity_Low	Low	Низкое	
MW::PostProcessingQualityLow	Low	Низкое	
MW::ShadowLow	Low	Низкое	
MW::TextureQualityLow	Low	Низкое	
MW::VisualEffectQualityLow	Low	Низкое	
MW::MasterVolume_Name	Master Volume	Общая громкость	
MW::AntiAliasingMedium	Medium	Среднее	
MW::ESubtitleBackgroundOpacity_Medium	Medium	Среднее	
MW::ESubtitleTextSize_Medium	Medium	Среднее	
MW::PostProcessingQualityMedium	Medium	Среднее	
MW::ShadowMedium	Medium	Среднее	
MW::TextureQualityMedium	Medium	Среднее	
MW::VRVignetteMedium	Medium	Среднее	
MW::ViewDistanceMedium	Medium	Среднее	
MW::VisualEffectQualityMedium	Medium	Среднее	
MW::MotionBlur_Name	Motion Blur	Размытие движения	
MW::VRMovementOrientation_Name	Movement Orientation	Ориентация движения	
MW::NVIDIA	NVIDIA	NVIDIA	
MW::NVIDIA_DLSS	NVIDIA DLSS	NVIDIA DLSS	
MW::DLSS	NVIDIA DLSS uses AI to boost frame rates while maintaining great image quality and responsiveness. This feature requires a GeForce RTX graphics card.	NVIDIA DLSS использует ИИ для повышения частоты кадров при сохранении отличного качества изображения и отзывчивости. Эта функция требует видеокарту GeForce RTX.	
MW::NIS	NVIDIA Image Scaling	Масштабирование Изображения NVIDIA	
MW::LowLatency	NVIDIA Reflex Low Latency	NVIDIA Reflex Низкая Задержка	
MW::NVIDIAReflex	NVIDIA Reflex reduces system latency and increases PC responsiveness.	NVIDIA Reflex снижает задержку системы и повышает отзывчивость ПК.	
MW::NativeAA	NativeAA	NativeAA	
MW::ViewDistanceNear	Near	Ближайшее	
MW::PerfStatDisplayMode_None	None	Нет	
MW::AntiAliasingLow	Off	Выкл.	
MW::Off	Off	Выкл.	
MW::On	On	Вкл.	
MW::Performance	Performance	Производительность	
MW::StatCategory_Performance_Name	Performance	Производительность	
MW::PerfStatsPage_Name	Performance Stats	Статистика производительности	
MW::PostProcessingQuality_Name	Post Processing	Постобработка	
MW::PostProcessingQuality_Description	Post Processing effects include Motion Blur, Depth of Field and Bloom. Increasing this setting improves the quality of post process effects, but can reduce performance.	Эффекты постобработки включают размытие в движении, глубину резкости и свечение. Увеличение этого параметра улучшает качество эффектов постобработки, но может снизить производительность.	
MW::Quality	Quality	Качество	
MW::Amd_QualityMode	Quality Mode	Режим качества	
MW::GraphicsQualityPresets_Description	Quality Preset allows you to adjust multiple video options at once. Try a few options to see what fits your preference and device's performance.	Предустановка качества позволяет регулировать несколько параметров видео одновременно. Попробуйте несколько вариантов, чтобы увидеть, что соответствует вашим предпочтениям и производительности устройства.	
MW::GraphicsQualityPresets_Name	Quality Presets	Предустановки качества	
MW::ReflectionQuality_Description	Reflection quality determines the resolution and accuracy of reflections.  Settings of 'High' and above use more accurate ray tracing methods to solve reflections, but can reduce performance.	"Качество отражений определяет разрешение и точность отражений. Настройки ""Высокое"" и выше используют более точные методы трассировки лучей для расчёта отражений, но могут снизить производительность."	
MW::ReflectionQuality_Name	Reflections	Отражения	
MW::Resolution_Name	Resolution	Разрешение	
MW::ResolutionScale	Resolution Scale	Масштаб разрешения	
MW::ResolutionScaling	Resolution Scaling	Масштабирование разрешения	
MW::RotationStyle_Name	Rotation Style	Стиль вращения	
MW::Seated/Standing_Name	Seated Or Standing	Сидя или стоя	
MW::GamepadControlScheme_Description	Select the gamepad buttons icons	Выбрать иконки кнопок геймпада	
MW::Keyboard/Binds_Description	Set your keyboard keys.	Настройте клавиши клавиатуры.	
MW::LookSpeed_Description	Sets the Look Speed of the camera	Устанавливает скорость взгляда камеры	
MW::MouseSensitivityYaw_Description	Sets the sensitivity of the mouse's horizontal (x) axis. With higher settings the camera will move faster when looking left and right with the mouse.	Устанавливает чувствительность горизонтальной (x) оси мыши. При более высоких настройках камера будет двигаться быстрее при взгляде влево и вправо с помощью мыши.	
MW::MouseSensitivityPitch_Description	Sets the sensitivity of the mouse's vertical (y) axis. With higher settings the camera will move faster when looking up and down with the mouse.	Устанавливает чувствительность вертикальной (y) оси мыши. При более высоких настройках камера будет двигаться быстрее при взгляде вверх и вниз с помощью мыши.	
MW::Shadows_Description	Shadow quality determines the resolution and view distance of dynamic shadows. Shadows improve visual quality and give better depth perception, but can reduce performance.	Качество теней определяет разрешение и дальность отображения динамических теней. Тени улучшают визуальное качество и дают лучшее восприятие глубины, но могут снизить производительность.	
MW::Shadows_Name	Shadows	Тени	
MW::Sharpness	Sharpness	Резкость	
MW::ESubtitleTextSize_Small	Small	Маленький	
MW::EVRRotationStyle::Smooth	Smooth	Плавный	
MW::SmoothRotationMultiplier_Name	Smooth Rotation Multiplier	Множитель плавного вращения	
MW::SmoothRotationMultiplier_Description	Smooth Rotation Multiplier, only works if rotation style is smooth	Множитель плавного вращения, работает, только если стиль вращения установлен на плавный (Smooth)	
MW::EVRRotationStyle::Snap15	Snap15	Snap15	
MW::EVRRotationStyle::Snap30	Snap30	Snap30	
MW::EVRRotationStyle::Snap45	Snap45	Snap45	
MW::EVRRotationStyle::Snap90	Snap90	Snap90	
MW::ESubtitleBackgroundOpacity_Solid	Solid	Сплошной	
MW::Standing/Sitting	Standing/Sitting	Стоя/Сидя	
MW::VRVignetteStrong	Strong	Сильная	
MW::SubtitleCollection_Name	Subtitle	Субтитр	
MW::Subtitles_Name	Subtitles	Субтитры	
MW::SuperResolution	Super Resolution	Супер разрешение	
MW::SuperResolution_Description	Super Resolution boosts frame rates by rendering fewer pixels and using AI to output high resolution frames. This feature requires a GeForce RTX graphics card.	Супер разрешение повышает частоту кадров, отрисовывая меньше пикселей и используя ИИ для вывода кадров высокого разрешения. Эта функция требует видеокарту GeForce RTX.	
MW::SubtitleTextColor_Name	Text Color	Цвет текста	
MW::PerfStatDisplayMode_TextOnly	Text Only	Только текст	
MW::SubtitleTextSize_Name	Text Size	Размер текста	
MW::PerfStatDisplayMode_TextAndGraph	Text and Graph	Текст и график	
MW::TextureQuality_Description	Texture quality determines the resolution of textures in game. Increasing this setting will make objects more detailed, but can reduce performance.	Качество текстур определяет разрешение текстур в игре. Увеличение этого параметра сделает объекты более детализированными, но может снизить производительность.	
MW::TextureQuality_Name	Textures	Текстуры	
MW::PerfStatDescription_FrameTime_GPU	The amount of time spent on the GPU.	Количество времени, затраченное на работу Графического Процессора.	
MW::PerfStatDescription_FrameTime_RHIThread	The amount of time spent on the Render Hardware Interface thread.	The amount of time spent on the Render Hardware Interface thread.	
MW::PerfStatDescription_FrameTime_GameThread	The amount of time spent on the main game thread.	Количество времени, затраченное на основной игровой поток.	
MW::PerfStatDescription_FrameTime_RenderThread	The amount of time spent on the rendering thread.	Количество времени, затраченное на выполнение потока рендеринга.	
MW::LanguageSetting_Description	The language of the game.	Язык игры.	
MW::PerfStatDescription_FrameTime	The total frame time.	Общее время кадра.	
MW::VRVignette_Type_Description	The type of vignetting to apply<lf><lf>Has no effect if vignetting is disabled	Тип виньетирования для применения<lf><lf>Не имеет эффекта, если виньетирование отключено	
MW::HapticsEnabled_Description_PS5	Turns DualSense® wireless controller vibration on/off.	Включает/выключает вибрацию беспроводного контроллера DualSense®.	
MW::HapticsEnabled_Description	Turns controller vibration on/off.	Включает/выключает вибрацию контроллера.	
MW::Subtitles_Description	Turns subtitles on/off.	Включает/выключает субтитры.	
MW::VRVignette_Type	Type	Тип	
MW::EMWGamepadType::Type_1	Type 1	Тип 1	
MW::EMWGamepadType::Type_2	Type 2	Тип 2	
MW::UltraPerformance	Ultra Performance	Ультра производительность	
MW::UltraQuality	Ultra Quality	Ультра качество	
MW::UnlimitedFPS	Unlimited	Неограниченно	
MW::VRVignette_Name	VR Comfort Vignette	Комфортное виньетирование VR	
MW::VRControlCollection_Name	VR Control	Управление VR	
MW::VerticalSync_Name	Vertical Sync	Вертикальная синхронизация	
MW::VibrationConfig_Name	Vibration	Вибрация	
MW::HapticsEnabled_Name	Vibration Enabled	Вибрация включена	
MW::Vibration_Name	Vibration Intensity	Интенсивность вибрации	
MW::DisplayCollection_Name	Video	Видео	
MW::ViewDistance_Name	View Distance	Дальность обзора	
MW::VisualAidEnabled_Name	Visual Aid	Визуальная подсказка	
MW::VRVignetteWeak	Weak	Слабая	
MW::VRVignette_Description	When in VR, some people might feel discomfortwhen the character is moving or turning around. We dynamically apply a vignette in the peripheral view to help mitigate that. Here you can choose between one of the preset or customize for your personal need.	В VR некоторые люди могут испытывать дискомфорт, когда персонаж движется или поворачивается. Мы динамически применяем виньетирование в периферийном обзоре, чтобы смягчить это. Здесь вы можете выбрать одну из предустановок или настроить под свои личные потребности.	
MW::ESubtitleTextColor_White	White	Белый	
MW::WindowMode_Name	Window Mode	Оконный режим	
MW::WindowModeWindowed	Windowed	Оконный	
MW::WindowModeWindowedFullscreen	Windowed Fullscreen	Оконный без рамок	
MW::MouseSensitivityYaw_Name	X-Axis Sensitivity	Чувствительность по оси X	
MW::MouseSensitivityPitch_Name	Y-Axis Sensitivity	Чувствительность по оси Y	
MW::ESubtitleTextColor_Yellow	Yellow	Жёлтый	
MW::FPSFormat	{0} FPS	{0} FPS	
MW::BrightnessFormat	{0}%	{0}%	
MW::AspectRation	{X} x {Y}	{X} x {Y}	
MWSettings::VideoQualityOverall_Custom	Custom	Пользовательский	
MWSettings::VideoQualityOverall_Epic	Epic	Эпическое	
MWSettings::VideoQualityOverall_High	High	Высокое	
MWSettings::VideoQualityOverall_Low	Low	Низкое	
MWSettings::VideoQualityOverall_Medium	Medium	Среднее	
ST_DLSS_Description::Nvidia_Needed	"<text color=\""#ffff00\"">This feature only works if NVIDIA DLSS is set to true.</>"	"<text color=""#ffff00"">Эта функция работает только если включён NVIDIA DLSS.</>"	
ST_DLSS_Description::AMD_Disabled	"<text color=\""#ffff00\"">WARNING: This feature only works if NVIDIA DLSS is set to false.</>"	"<text color=""#ffff00"">Эта функция работает только если выключен NVIDIA DLSS.</>"	
ST_DLSS_Description::AMD_FSR	AMD FidelityFX	AMD FidelityFX	
ST_DLSS_Description::FSR	AMD FidelityFX	AMD FidelityFX	
ST_DLSS_Description::ResolutionScale_Description	Custom Resolution Scale, you can adjust the best scaling percentage by adjusting between performance and graphics quality.	Пользовательский масштаб разрешения, вы можете установить желаемый процент масштабирования между производительностью и качеством графики.	
ST_DLSS_Description::DLAA	DLAA is an AI-based anti-aliasing mode to improve image quality.<cf>This feature requires a GeForce RTX graphics card.	DLAA — это режим сглаживания на основе ИИ для улучшения качества изображения.<cf>Эта функция требует видеокарту GeForce RTX.	
ST_DLSS_Description::FrameGeneration	Frame Generation	Генерация кадров	
ST_DLSS_Description::Amd_QualityMode_Description	Frame Generation boosts frame rates by using AI to render additional frames.	Генерация кадров повышает частоту кадров, используя ИИ для отрисовки дополнительных кадров.	
ST_DLSS_Description::FrameGeneration_Description	Frame Generation boosts frame rates by using AI to render additional frames. This feature requires a GeForce RTX 40 Series graphics card.	Генерация кадров повышает частоту кадров, используя ИИ для отрисовки дополнительных кадров. Эта функция требует видеокарту GeForce RTX серии 40.	
ST_DLSS_Description::ImageScaling	Image Scaling	Масштабирование изображения	
ST_DLSS_Description::ImageScaling_Description	Image Scaling boosts frame rates using GPU scaling and sharpening.	Масштабирование изображения повышает частоту кадров с помощью масштабирования GPU и повышения резкости.	
ST_DLSS_Description::NVIDIA	NVIDIA	NVIDIA	
ST_DLSS_Description::NVIDIA_DLSS	NVIDIA DLSS	NVIDIA DLSS	
ST_DLSS_Description::DLSS	NVIDIA DLSS uses AI to boost frame rates while maintaining great image quality and responsiveness.<cf>This feature requires a GeForce RTX graphics card.	NVIDIA DLSS использует ИИ для повышения частоты кадров при сохранении отличного качества изображения и отзывчивости.<cf>Эта функция требует видеокарту GeForce RTX.	
ST_DLSS_Description::NIS	NVIDIA Image Scaling	Масштабирование Изображения NVIDIA	
ST_DLSS_Description::LowLatency	NVIDIA Reflex Low Latency	NVIDIA Reflex Низкая Задержка	
ST_DLSS_Description::NVIDIAReflex	NVIDIA Reflex reduces system latency and increases PC responsiveness.	NVIDIA Reflex снижает задержку системы и повышает отзывчивость ПК.	
ST_DLSS_Description::Amd_QualityMode	Quality Mode	Режим качества	
ST_DLSS_Description::RayReconstruction	Ray Reconstruction	Реконструкция лучей	
ST_DLSS_Description::ResolutionScale	Resolution Scale	Масштаб разрешения	
ST_DLSS_Description::ResolutionScaling	Resolution Scaling	Масштабирование разрешения	
ST_DLSS_Description::SuperResolution	Super Resolution	Супер разрешение	
ST_DLSS_Description::RayReconstruction_Description	Super Resolution boosts frame rates by rendering fewer pixels and using AI to output high resolution frames. This feature requires a GeForce RTX graphics card.	Супер разрешение повышает частоту кадров, отрисовывая меньше пикселей и используя ИИ для вывода кадров высокого разрешения. Эта функция требует видеокарту GeForce RTX.	
ST_DLSS_Description::SuperResolution_Description	Super Resolution boosts frame rates by rendering fewer pixels and using AI to output high resolution frames. This feature requires a GeForce RTX graphics card.	Супер разрешение повышает частоту кадров, отрисовывая меньше пикселей и используя ИИ для вывода кадров высокого разрешения. Эта функция требует видеокарту GeForce RTX.	
ST_DLSS_FSR::Balanced	Balanced	Сбалансированный	
ST_DLSS_FSR::Custom	Custom	Пользовательский	
ST_DLSS_FSR::Sharpness_Description	DLSS sharpening adjustment.	Настройка резкости DLSS.	
ST_DLSS_FSR::EnabledBoost	Enabled + Boost	Вкл + Ускорение	
ST_DLSS_FSR::FrameGeneration	Frame Generation	Генерация кадров	
ST_DLSS_FSR::NIS_Sharpness	Image Scaling sharpening adjustment.	Настройка резкости масштабирования изображения.	
ST_DLSS_FSR::NVIDIA_ImageScaling	NVIDIA Image Scaling	Масштабирование изображения NVIDIA	
ST_DLSS_FSR::LowLatency	NVIDIA Reflex Low Latency	NVIDIA Reflex Низкая Задержка	
ST_DLSS_FSR::NativeAA	NativeAA	NativeAA	
ST_DLSS_FSR::Performance	Performance	Производительность	
ST_DLSS_FSR::Quality	Quality	Качество	
ST_DLSS_FSR::RayReconstruction	Ray Reconstruction	Реконструкция лучей	
ST_DLSS_FSR::ScreenPercentage	Resolution Scale	Масштаб разрешения	
ST_DLSS_FSR::Sharpness	Sharpness	Резкость	
ST_DLSS_FSR::SuperResolution	Super Resolution	Супер разрешение	
ST_DLSS_FSR::UltraPerformance	Ultra Performance	Ультра производительность	
ST_DLSS_FSR::UltraQuality	Ultra Quality	Ультра качество	
ST_Localization::NotSupportedSetting	"<text color=\""#ffff00\"">WARNING: This functionality is not supported.</>"	"<text color=""#ffff00"">ПРЕДУПРЕЖДЕНИЕ: Эта функциональность не поддерживается.</>"	
ST_Localization::Accept	Accept	Принять	
ST_Localization::ApplyChanges	Apply Changes	Применить изменения	
ST_Localization::Auto	Auto	Авто	
ST_Localization::Back	Back	Назад	
ST_Localization::CandleValley	Candle Valley	Долина свечи	
ST_Localization::CoalHaven	Coalhaven	Углеград	
ST_Localization::Disabled	Disabled	Отключено	
ST_Localization::Down	Down	Вниз	
ST_Localization::Enabled	Enabled	Включено	
ST_Localization::EnabledBoost	Enabled + Boost	Вкл + Ускорение	
ST_Localization::ExitGame	Exit Game	Покинуть игру	
ST_Localization::Left	Left	Влево	
ST_Localization::MainMenu	Main Menu	Главное меню	
ST_Localization::Modes	Modes	Режимы	
ST_Localization::NotSupported	Not Supported	Не поддерживается	
ST_Localization::Off	Off	Выкл.	
ST_Localization::On	On	Вкл.	
ST_Localization::Options	Options	Настройки	
ST_Localization::Resume	Resume	Возобновить	
ST_Localization::Return	Return	Вернуться	
ST_Localization::Right	Right	Вправо	
ST_Localization::SELECT	Select	Выбрать	
ST_Localization::Start	Start	Начать	
ST_Localization::TheSun	The Tale of The Dark	Сказание о Тьме	
ST_Localization::TheTaleofCoalhaven	The Tale of Coalhaven	Сказание об Углеграде	
ST_Localization::MoonMountain	The Tale of Moon Mountain	Сказание о Лунной горе	
ST_Localization::TheTaleOfTheBurntOne	The Tale of The Burnt One	Сказание об Обожжённом	
ST_Localization::TheTaleofTheCraftmanHeart	The Tale of The Craftman's Heart	Сказание о Сердце Ремесленника	
ST_Localization::TheTaleofTheLoathsomeMolgrim	The Tale of The Loathsome Molgrim	Сказание о мерзком Молгриме	
ST_Localization::Up	Up	Вверх	
